id,updated_at,username,full_name,avatar_url,website,address,cover,address2,experience,level,faction,location,factions,Factions
65b5e64a-1667-4524-873e-0951cd1df5d9,,David,,,,,,,,,,,,
f7f37173-03e3-4457-a63f-bfffafe4cba1,,Dave,,,,,,,,,,,,
4860b718-7607-4f7f-bdb6-563b0320b460,,Nulll,,,,,,,,,,,,
4b8874b8-f850-46da-9064-ba1e24d6573b,,,,,,,,,,,,,,
cebdc7a2-d8af-45b3-b37f-80f328ff54d6,2023-10-11 04:08:11.557+00,Gizmotronn,Liam Arbuckle,cebdc7a2-d8af-45b3-b37f-80f328ff54d6.png,https://skinetics.tech || Scroobomarot / Scroobomatron,"""0xCdc5929e1158F7f0B320e3B942528E6998D8b25c""",https://qwbufbmxkjfaikoloudl.supabase.co/storage/v1/object/public/covers/cebdc7a2-d8af-45b3-b37f-80f328ff54d6_cover_1676019303662,,58,,Cartographer,2,1,
6b309378-e43d-4ced-8532-9f964443b861,,,,,,,,,,,,,,
acd2a804-4b6d-408f-8510-6716bd1bac99,,,,,,,,,,,,,,
44e76bb2-67d3-4306-adcd-5f6612cfb915,,Pascua,,,,,,,,,,,,
0e7b600c-0de9-490a-88e5-45b6deea58a0,,,,,,,,,,,,,,
fdd401bf-3925-49ba-a155-4c3dba8dd93f,,Liam,Liam Arbuckle,fdd401bf-3925-49ba-a155-4c3dba8dd93f.jpg,,,,,,,,,,
b25a1e47-3180-4afd-9366-e700031199fa,,,,,,,,,,,,,,
49dfa8bb-286c-4262-8606-00810b09a2e8,,rarbuckle,Ross Arbuckle,924d6839-d194-49c7-bc28-5791d5e9700e.jpg,,,,,,,,,,
eb3b7b9a-dba7-4662-bd77-2d6a38d94de7,,,nathan weldegiorgis,https://lh3.googleusercontent.com/a/ACg8ocJpWDNfs7CWwdHhPwqd2YNt0fjLT9hYaQbUg3dKnwYCwyBGpJg=s96-c,,,,,,,,,,
f49f410d-1a45-4c41-9195-5b9c86de1f25,,,Rhys Campbell,https://lh3.googleusercontent.com/a/ACg8ocIX5No2DlxnvTE_ucoFAa8aDw3OEsnWhBdgmP4o-Iyv4jukWQ=s96-c,,,,,,,,,,
8b09080f-1306-4ca7-b3b4-b284f047669e,2023-09-04 07:11:49.38+00,AB936,,,,,,,5,,,,,
fdccaca9-0b18-4e14-9ca8-75c9d69ccd43,,Kye,,,,,,,,,,,,
cdfb438d-2fa4-4745-b96d-5bc277455425,,,,,,,,,,,Guardian,,,
56922ce7-dddb-441d-8656-3fc6e1f3867f,,Jordan,,,,,,,3,,Navigator,,,
a8dc8241-a0e0-45c3-b036-82b949fe6e55,,Edwin Montgomery,,,,,,,,,,,,
e3344c5c-384f-4898-aea6-397c2ac1edf6,2023-09-14 12:12:06.912+00,Rhys,,e3344c5c-384f-4898-aea6-397c2ac1edf6.jpg,,,,,4,,Navigator,1,,
de191534-352f-4136-bac5-391ff940ec09,2023-09-10 03:01:02.179+00,TAREEBI,,,,,,,8,,,,,
0bf3d653-fce9-43e5-88af-2c24cc4ba76b,,,,,,,,,,,,,,
74c4e133-1ebf-4c58-8bed-da1efce01ffb,,Tessa Cliff,,,,,,,,,,,,
662426ec-722e-471d-8149-84432c0276c9,,Michael,,,,,,,,,,,,
71480dfe-7c9f-48fb-8abf-711040d2b5be,,Lukas,,,,,,,,,,,,
f2c172f3-c163-4bef-8b6e-8ff282db21ec,,Abbey,,,,,,,,,,,,
6101c11a-79cb-4aca-8e01-cfb7c0ac818b,,Teresa,,,,,,,,,,,,
6e72b591-5cff-4220-a7d3-18354615e411,,Matthias,,,,,,,,,,,,
256bbfcf-2309-4839-8186-b4bfc68fcbd6,,Andy,,,,,,,,,,,,
d54ec27f-1e33-4597-ab79-a119aca5015d,,PlanetEater,,,,,,,,,,,,
0e8bac16-c070-412a-989c-694e89429e7b,,,,,,,,,,,,,,
a39d8686-b2c4-4d78-85b9-fe7fe29c26c8,2023-05-09 02:37:05.888+00,Dwight,,a39d8686-b2c4-4d78-85b9-fe7fe29c26c8.jpg,,,,,,,,,,
a64b1cbc-6b55-4fde-a863-44792c8398bb,2023-05-06 16:42:28.708+00,,,a64b1cbc-6b55-4fde-a863-44792c8398bb.jpeg,,,,,,,,,,
060691be-27af-49cb-9dd2-b67b8cb78cd8,,BlackMagicKnight,,,,,,,,,,,,
2a4125c0-5d37-4f5c-9a4c-307f729f3df9,,,,,,,,,,,,,,
5abf0934-8597-4400-9293-81db82ce7135,,Gelila,,,,,,,,,,,,
81f2538f-2b01-493b-804b-39cff0512318,,Helen,,,,,,,,,,,,
5db3ed8c-0b70-40d4-9526-c2f7b1815e91,,Anshul,,,,,,,,,,,,
97dce0ac-ab6b-493e-bdb9-101ddb2327be,,,,,,,,,,,Navigator,,,
4e6524eb-9c1a-4294-9649-59fed3fefb19,,,,,,,,,,,Cartographer,,,
ddece478-b063-4e0d-b62e-be15c99ed192,,,,,,,,,,,,,,
924d6839-d194-49c7-bc28-5791d5e9700e,2023-06-20 12:38:24.447+00,Luzz Bightyear,Luzz Bightyear,924d6839-d194-49c7-bc28-5791d5e9700e.jpg,mkane,,https://qwbufbmxkjfaikoloudl.supabase.co/storage/v1/object/public/covers/924d6839-d194-49c7-bc28-5791d5e9700e_cover_1682397748189,,,,,,,
a8f178c9-44fd-4a42-b0ad-e33501859ab9,,,,,,,,,,,,,,
da3d87ed-cfe2-49a2-93fb-1581d51d51c5,,Iman,,,,,,,,,,,,
63ab8a9e-b7a2-4027-b5e8-eb9f556de4ae,,ShawnR,,,,,,,,,,,,
27fcca73-55e8-410b-b7c7-10d5ada69fd8,,JoshP,,,,,,,,,,,,
83ec2c02-0ece-4be3-a714-9cd5ca5c10b2,,,,,,,,,1,,,,,
56c836fc-0905-4f46-b07e-6acf91ad659a,,,,,,,,,,,,,,
cd4b7ab1-1297-40d7-9815-2adf18efce07,,,,,,,,,,,,,,
91c85371-75ab-4fb7-8718-988f34aa3fab,,,,,,,,,,,,,,
deee0c50-5a8b-4bc6-a005-96cc0dc1c071,,,,,,,,,,,,,,
b3b2a7f2-57c7-4e55-8ba0-0b00da5f4d11,,,,,,,,,,,,,,