50,KOI-4871,,2023-04-26 10:16:47.349241+00,[],,303,,out0.png,https://qwbufbmxkjfaikoloudl.supabase.co/storage/v1/object/public/planets/50/download.png,,KOI-4871,0,0,https://embed.deepnote.com/b4c251b4-c11a-481e-8206-c29934eb75da/b56a0704304940e49c38823795edaa20/465beb64fd954806bad41557ab6b406d?height=641,1,in progress,,,,
45,Kepler-10,,2023-04-25 14:43:10.521093+00,[],,295,,out0.png,https://upload.wikimedia.org/wikipedia/commons/7/76/Kepler-10_star_system.jpg,,Kepler-10,0,0,https://embed.deepnote.com/b4c251b4-c11a-481e-8206-c29934eb75da/b56a0704304940e49c38823795edaa20/84207144a5c440d78124657345fca05f?height=1460.171875,2,incomplete,,,,
43,Saturn clone,cebdc7a2-d8af-45b3-b37f-80f328ff54d6,2023-04-21 04:20:47+00,,,-133.85,,https://www.cfht.hawaii.edu/Science/Astros/Imageofweek/ciw-image/131299-1.gif,https://a-z-animals.com/media/2022/07/iStock-1362060571-1024x552.jpg,,e465789,0,0,,,incomplete,,,,17.5711
42,Jupiter,a64b1cbc-6b55-4fde-a863-44792c8398bb,2023-03-28 11:50:58+00,,,565,"'"0xCdc5929e1158F7f0B320e3B942528E6998D8b25c'"",out0.png,https://exoplanets.nasa.gov/rails/active_storage/blobs/eyJfcmFpbHMiOnsibWVzc2FnZSI6IkJBaHBBcElEIiwiZXhwIjpudWxsLCJwdXIiOiJibG9iX2lkIn19--5e7f055277aec9bb8da6555fd08a482b9f2f219f/1332_lava.jpg?disposition=inline,,TIC Sol1e,0,0,,,incomplete,,,,
67,Kepler-186,,2023-10-26 04:24:35.63617+00,[],,,,https://qwbufbmxkjfaikoloudl.supabase.co/storage/v1/object/public/media/8tyiq6f717kz-removebg-preview.png,https://qwbufbmxkjfaikoloudl.supabase.co/storage/v1/object/public/media/8tyiq6f717kz-removebg-preview.png,,,0,0,,,incomplete,-0.34,0.06102134,0.543276,12
47,Kepler-22,,2023-04-25 23:54:39.844245+00,[],,294,,out0.png,https://upload.wikimedia.org/wikipedia/commons/thumb/1/1c/Kepler-22b.jpg/1200px-Kepler-22b.jpg,,Kepler-22,0,0,https://embed.deepnote.com/b4c251b4-c11a-481e-8206-c29934eb75da/b56a0704304940e49c38823795edaa20/cc9cea7e9e1448ad984db621ea412472?height=1245.5625,1,in progress,,,,
60,TOI 1241.01,,2023-07-31 05:02:15.014666+00,[],,324,,https://qwbufbmxkjfaikoloudl.supabase.co/storage/v1/object/public/planets/60/info.jpg,https://qwbufbmxkjfaikoloudl.supabase.co/storage/v1/object/public/planets/60/phase.png,,TIC 159107668.01,0,0,https://embed.deepnote.com/50ad3984-69a9-496e-a121-efb59231e7e9/0e23e5e5e7d1486a9cdf09c91f818737/786f2b1633974744b7494397d4f4c4a1?height=377.71875,2,incomplete,5826,5.677181,1.05,11.1634
59,TrES-2 b,,2023-07-26 00:00:26.832962+00,[],cebdc7a2-d8af-45b3-b37f-80f328ff54d6,890,,https://upload.wikimedia.org/wikipedia/commons/thumb/5/54/Kepler_First_Light_Detail_TrES-2.jpg/170px-Kepler_First_Light_Detail_TrES-2.jpg,https://qwbufbmxkjfaikoloudl.supabase.co/storage/v1/object/public/planets/59/binned.png,https://www.universetoday.com/wp-content/uploads/2009/08/ExoPlanet02.jpg (old cover),TIC 399860444,2.47,0,https://embed.deepnote.com/50ad3984-69a9-496e-a121-efb59231e7e9/0e23e5e5e7d1486a9cdf09c91f818737/90838acbef1f4f91af5a5e458ffa4a04?height=596.1875,1,in progress,5854,1.09246325,1.057,10.854
520,KOI-4878,,2023-04-30 12:59:24+00,,,1,,,,"",,1,1,,,incomplete,,,,
530,KOI-456,,2023-04-30 12:59:31+00,,,1,,,,"",,1,1,,,incomplete,,,,
8,Mars,71480dfe-7c9f-48fb-8abf-711040d2b5be,2023-03-07 10:28:01.054865+00,[],,100,"'"0xCdc5929e1158F7f0B320e3B942528E6998D8b25c'"",cebdc7a2-d8af-45b3-b37f-80f328ff54d6.png,https://qwbufbmxkjfaikoloudl.supabase.co/storage/v1/object/public/covers/cebdc7a2-d8af-45b3-b37f-80f328ff54d6_cover_1676019303662,0xdf35Bb26d9AAD05EeC5183c6288f13c0136A7b43,TIC 53782,0,0,,,incomplete,6965,4.24766159,1.53,12.0315
62,TIC 231663901,,2023-08-31 01:54:49.87043+00,[],,500,,"data:image/png;base64,iVBORw0KGgoAAAANSUhEUgAAAvQAAAF4CAYAAAA7Rm0oAAAAOXRFWHRTb2Z0d2FyZQBNYXRwbG90bGliIHZlcnNpb24zLjYuMCwgaHR0cHM6Ly9tYXRwbG90bGliLm9yZy89olMNAAAACXBIWXMAAA9hAAAPYQGoP6dpAAChcUlEQVR4nO2deXxU1fn/PzNZCIGwDAFkTRBqwAAaTAWBimIVNCQiKBiKWlR+YqXIF2uN0Foopo3iglYFlwoioKAooKIoi7K1CiKybwJhh0DYkskySe7vj/Rc7ty5d+bOnT3zeb9evDR3zj378pznPOe5FkmSJBBCCCGEEEIiEmuoM0AIIYQQQggxDwV6QgghhBBCIhgK9IQQQgghhEQwFOgJIYQQQgiJYCjQE0IIIYQQEsFQoCeEEEIIISSCoUBPCCGEEEJIBEOBnhBCCCGEkAgmNtQZqOvU1NSguLgY9evXh8ViCXV2CCGEEEJIBCBJEsrKymCz2WC1utfBU6APMMXFxRg1alSos0EIIYQQQiKQWbNmITk52W0YCvQBpn79+gBqGyMxMTHEuSGEEEIIIZGA3W7HqFGjZFnSHRToA4wws0lMTKRATwghhBBCvMKIyTYvxRJCCCGEEBLBUKAnhBBCCCEkgqHJTZCYMGGCyw3lrKwsZGVlhShHhBBCCCGkLkCBPki89NJLHm3o7XY7zp07h5qamiDlihDPWK1WNG3alHdACCGEkDCFAn0YUFNTg48++gj//e9/Q50VQnTp1asX7rnnHo++cAkhhBASXCjQhwFCmM/OzsaVV16JmJiYUGeJEJnq6mocOHAAn332GQBg+PDhIc4RIYQQQpRQoA8xdrtdFub79+8f6uwQoklqaioA4LPPPkN2djbNbwghhJAwgmfnIebcuXMAgCuvvDLEOSHEPaKPij5LCCGEkPCAAn2IERdgaWZDwh3RR3lpmxBCCAkvKNATQgghhBASwVCgJ4QQQgiJAGZumonU6amYuWlmqLNCwgxeig0Seh+W6t69e4hy5D+ys7M9hnn88cfRrVs3PPzww8jLy0OfPn3k3yRJwqpVq/D111/j0KFDqKysRMuWLfHrX/8agwcPRrNmzTTjPHr0KD7//HNs3boVp06dQpMmTXDdddfhd7/7HRo3biyH27RpEz7++GMcOXIEdrsdzZo1Q69evZCbm4sGDRrI4X766SesWLECe/fuxcmTJ5GVlYUxY8Zopn3kyBHMmTMH27ZtQ1VVFdq0aYPf//73yMjIcAq3ceNGLFy4EAcPHkRsbCyuvPJKTJgwAcnJyQCAlStX4ssvv8SxY8dQUVGBFi1a4KabbsLQoUMRFxcnx+NwODBv3jysXr0aJSUlSElJwQMPPIBrrrnGKT2Hw4H3338fq1evRllZGbp06YJHHnkEbdu2lcMcP34cn376Kfbs2YPCwkK0bdsWr7/+uqcmJIQQEmIK1hWg8EIhCtYVYEym9vpEohMK9EFC78NSR44cCUFu/Mu0adOc/n7yyScxaNAg9OvXT37WqlUrlJeXu7wrSRJeeOEFrFu3DrfccguGDh2K+vXr48iRI/jyyy9x8uRJTJo0STPdLVu2YMeOHRg4cCA6dOiA06dPY968edi2bRteffVVWSC+dOkS0tLSkJ2djUaNGqGwsBDz589HYWEhpk6dKse3efNmHDx4EF27dsWlS5d0y1tYWIinnnoKGRkZeOKJJxAbG4tffvkFFRUVTuFWr16NV199FXfddRfuu+8+lJWVYceOHaisrJTDXLp0CT169MDQoUPRoEED7NmzBx9++CHOnDmDsWPHyuHefvttrF69Gvfddx/atGmDFStWYPLkyZg2bRo6deokh3vrrbewdu1aPPTQQ2jWrBkWLlyIv/zlL3j99dflzcvhw4exadMmXHXVVZAkiTbxhBASIeT1zUPBugLk9c0LdVZImEGBnvhM586dXZ41b97c5bmWQL9s2TKsWbMG48aNw6233io/79atGwYMGICffvpJN90bb7wRWVlZsFgs8rPWrVvjz3/+M3744Qf5FODmm292eq9bt26Ii4vDa6+9hrNnz8onAKNGjcJDDz0EANi6datuum+88QYyMjLw1FNPyc/UmvlLly5h5syZGD16NO644w75ec+ePZ3CDR482Onv7t27o6ysDEuWLMGjjz6KmJgYnD17FsuXL8fDDz8sn4b06NED48aNw4cffoi//OUvAIAzZ87g66+/xqOPPirX5a9+9Ss8+OCD+OqrrzB06FAAwPXXX49evXoBAF5++WXs379ft6yEEELChzGZY6iZJ5rQhp6ElMWLF6Njx45OwrwgJiYGmZmZuu82atTISZgHLrtWLC4udptuUlISAKCqqkp+ZuQLqEeOHMHOnTs9mhmtW7cONTU1muXyRKNGjVBdXQ1JkgAABw8eRE1NjdOmwWKx4Nprr8XmzZvhcDgA1JoMSZKEvn37yuGSkpKQkZGBTZs2yc/4pVdCCCGkbkENPQkZZ86cwcmTJ3HPPff4Lc6dO3cCANq1a+fyW3V1Naqrq3H48GF8+OGH6NmzJ1q2bOlV/Hv27AFQe9rw+OOP49ChQ7DZbMjOzsaQIUPkcLt370bbtm2xatUqLFiwAGfPnkVKSgruv/9+zU1KdXU1HA4HfvnlFyxZsgR33HEHYmNrh6cQ2JU29eJvh8OBU6dOoW3btjh69CgaN26Mhg0bOoVr27YtvvnmG6/KSQghhJDIgaq6CMGbm+2BCutvzp49C6DWPMcfVFZW4t1338WVV17pclkUAB566CEMHToU//d//4emTZviT3/6k9dpiI8qvfDCC+jduzemTp2Kfv36Yfbs2fjyyy/lcOfPn8exY8cwd+5cjBw5EpMnT0aLFi3w7LPPorCw0CnO6upqDB48GPfccw/y8vLQvXt3PPzww/LvrVu3BgDs3bvX6T2xuSgpKZH/q7zkK2jYsKEchhBCSN2Cnm8IQIE+YlDebA9V2EChNpsxy+uvv45Tp05hwoQJmnH+7W9/w7Rp0zB27FgcPXoUU6dORXV1tVdpCDOY/v37Y/jw4ejevTt+//vfo1+/fli4cKEcrqamBmVlZRg7diz69++PjIwM5OXloVmzZli0aJFTnDExMXjppZdQUFCAhx9+GBs3bsQrr7wi/56SkoL09HTMnj0bu3fvxsWLF/HJJ59g+/btXuWdEEJI3SMc1nESeijQRwh5ffOQ0jjF0M32QIX1N+IyalFRkc9xvf/++/juu++Ql5eHlJQUzTAdOnRA586dMWDAAPzlL3/B1q1b8d///terdIQ5i9rd6DXXXIMzZ87AbrfrhouNjUXXrl1x+PBhl3h/9atfIT09HXfeeSfGjRuHVatWYd++ffLv48ePR6NGjfDkk0/id7/7Hb744gvce++9AACbzSanKdJXUlJS4mKGQwghpG4QynWchA+0oY8QvLnZHqiw/iY5ORmtWrXC5s2bcd9995mO57PPPsNHH32E8ePHo0ePHobeSU1NRWxsLI4fP+5VWu3bt3f7u7B3dxdO6bZSC+GG8sSJE/jVr34FALjiiivw8ssv49SpU6ioqECbNm2wZMkS2Gw2tGjRAkCtrfz58+ddBPijR486+aEnhBBSd6DnGwJQQx80JkyYgD/84Q9O/7744otQZyvk3Hnnndi/fz9Wrlzp8ltNTQ1+/PFHt+9/9913ePvtt3H//fejf//+htPds2cPqqqqcMUVV3iV386dOyMpKQk///yz0/OffvoJzZs3lz9o9etf/xpAra98gcPhwPbt2538xmshLvZq5a1ly5Zo3749qqqq8PXXXzt50cnIyIDFYsH69evlZyUlJdiyZYtbb0GEEEIIiWyooQ8SdfnDUr5wxx13YOfOnXj11Vexa9cu9OzZEwkJCTh69Ci++uortGjRAtddd53mu9u2bcP06dPRvXt3dO3aFbt375Z/S05Olr/G+o9//AOdOnVCamoq6tWrh4MHD+KTTz5Bamqq7I8dAE6fPi2buVRUVODEiROycCx82sfGxmLEiBF455130LBhQ3Tp0gU//vgj1q5di8cee0yOq1OnTujduzdef/11lJSUoGnTpvjiiy9w/vx5J284eXl56NWrF9q1aweLxYK9e/fi008/RY8ePXDVVVfJ4T7//HMkJiaiefPmOHXqFJYsWYL4+HjcfffdTmW+7bbbMGvWLMTExMBms+Gjjz5CYmIiBg4cKIcrLy+XN0pFRUWw2+1yObt27er0lV1CCCHhy8xNM+UPTVFLH91QoCchxWKx4E9/+hMyMjLw9ddfY82aNXA4HGjZsiWuv/563HXXXbrvbtu2DVVVVfj5559dNOa5ubkYMWIEgFr79HXr1uHjjz+GJElo0aIFbrvtNgwZMsTJFeTWrVudLqNu3rwZmzdvBlBr1iMYNGgQJEnC0qVLsXDhQrRs2RJjx47Fbbfd5pSH//u//8N7772H9957D3a7HZ06dcLUqVORmpoqh+nUqRO+/vprnD59GrGxsWjZsiVyc3ORlZXlFJfD4cAHH3yAM2fOoFGjRrjhhhswcuRIJCQkOIX7f//v/yEhIUFO8+qrr8bUqVOdvN9cuHABBQXOl6fE3//4xz/QrVs33TonhBASPigvxFKgj24sknDbQQKC3W7H8OHDsWDBAl0N/UsvvYQJEyZo+k4nJFxgXyWEkPCCGvq6jScZUgk19IQQQgghEQgvxBIBL8USQgghhBASwVCgJ4QQQgghJIKhQE8IISTqmLlpJlKnp2LmppmhzgohJMyJhPmCAn2IsVprm6C6ujrEOSHEPaKPij5LSCSj9A5CCCHuiIT5gpdig8SECRNcBKGsrCzcfPPNAIADBw44uTMkJNw4cOAAAKBp06YhzgkhvpPXN0/2DkIIIe6IhPmCAn2Q0PuwFAD06tVL9nN+5ZVXIiYmJphZI8Qt1dXVOHDgAD777DP06tXLo+ssQiIBegchhBglEuYLCvRhwD333APA+eNFhIQbvXr1kvsqIYSQ4EBf88QIYSvQl5WV4ZNPPsHevXuxd+9elJSU4PHHH8dvf/tbQ+87HA7MmzcPq1evRklJCVJTUzFy5EhkZGSYDrtt2zZMnDhRM71p06ahc+fO3hcUtTbJw4cPR3Z2Ns6dO4eamhpT8ZDQsmDHArz949sYfd1oDE8fHurs+A2r1YqmTZtSM0+ICSiMEV/h12CJEcJWoL948SI+/PBDNG/eHB06dMC2bdu8en/69OlYv349cnJy0Lp1a6xcuRJTpkxBfn4+0tPTTYcFgOzsbPzqV79yetaqVSvvC6kiMTGRQlME89qi11BYVYjXdr+GPw38U6izQwgJAyiMEV+JBPttEnrC1l2FzWbDnDlz8O6772LUqFFevbt3716sWbMG999/Px588EEMHDgQ+fn5aNGiBWbPnm06rCA9PR0333yz07/GjRubLCmpK+T1zUNK4xROuoQQGc4LxBOeXCKOyRyDQ+MPcUNI3BK2An1cXJxpbxrr16+H1WrFwIED5Wfx8fG49dZbsXv3bhQVFZkKq8Rut9PVJHGCky4hRA3nBeKJSHCJSMKfsDW58YUDBw6gTZs2LuYrV111FQDg4MGDaN68uddhBa+88grKyspgtVqRnp6OUaNGuZjgEEIIIYR4one73jh68Sh6t+sd6qyQCKZOCvTFxcWa2n3x7OzZs6bCxsbGonfv3sjMzESjRo1w+PBhfPrpp8jLy8Pzzz+Pjh076ubJbrcbyntcXBzi4uIMhSWEEEJIZLPhyAZUS9XYcGRDqLNCIpg6KdBXVlZqCsXx8fHy72bCdunSBV26dJH/7tmzJ/r06YM//vGPmDNnDqZMmaKbJ6P3AHJzczFixAhDYQkhhAQGeqchwYKXXok/qJMCfXx8PBwOh8tzIZwLYd3bsFq0bt0avXr1woYNG1BdXa37UahZs2YZ8mBD7TwhhAQftQBP7zQkWETCR4tI+BO2l2J9wWaz4dy5cy7PxbNmzZqZCqtHcnIyqqqqUFFRoRtGuKT09I8CPSGEBB/1xUR6pyG+4MlzDSH+pk4K9B06dMCxY8dc7Nb37Nkj/24mrB4nT55EfHw8EhISfM06iVA4eZNIJ9r7sFqA1/JOE+11RIwTbp5r2HfrPhEv0JeXl+PIkSO4cOGC/KxPnz6oqanBV199JT9zOBxYsWIF0tLSnLzWeBNWmYbg4MGD+OGHH5CRkQGrNeKrk5gk3CZvQrwl2vuwEfeS0V5HxDjhdsLDvusbkbAhCmsb+s8//xylpaWyp5kffvhB/v9BgwahQYMG2LdvHyZOnOh0mTQtLQ19+vTBnDlzcOHCBbRq1QqrVq3C6dOnMW7cOKc0vAn7/PPPIz4+Hp07d0aTJk1w+PBhLF++HPXq1cMDDzwQhBoh4Yo/LzXxMh4JBdFyMc+X8RUtdRTJhMv8GW528ey7vhEJd2oskiRJoc6EHg899BBOnz6t+ds777yDli1bYtu2bS4CPVB7qXXu3Ln49ttvUVJSgtTUVIwcORI9evRwicto2KVLl+K7777DiRMnYLfb0bhxY3Tv3h25ublo3bq1Zj7tdjuGDx+OBQsWGLoUS0KPtwuCu/BmFpfU6akovFCIlMYpODT+kJkiEFKn8KeQ5ml8zdw0E5NWTgIsQH7/fJ/TCxcBM1rg/EkCQajGsTcyZFgL9HUBCvSRh7cLgl74mZtmYuyysaiWqr1aXCgAEOKMP4U0T+NLpAXAL+lRwAwukT5/Rnr+iX/xRoak0TfxiUiwK/MWb20f9cIXrCtAtVSNGEuM02+BqLO62A6ECPxpj+zJVj6vbx5sCTbY6tv8Mm7DzZa6LlMXhGHauhOzUEMfYMTuqk2bNi6XZrOyspCVlRWinPmHaNc+mTG38VRnyt+Vdo/uFih3cdaFRY6QYKMeN82ea4bi8mLYEmw4+9RZzxGQoFMX1qNAztfhtBaEU17CGWrow5CXXnoJb7zxhtO/SBfmAWqfJq2chMILhbU2t/9DaPIAaGoCPdWZ8nej2hrxTu92vV20iNT4EHIZo5p2l3FjgfN/SdgRLuuRLyemRrwtmSWc1oJwyktdgQI98YlATj6+EhTTFo1F3tNE5anOlL8bWaCUmo4NRza4pB0ui1yoMNMPaMJUd/Fmk5wYm4jDFw6jwT8aYEDHAUhpnIL8/vnsH2GKr+uRv9o1XIRVdXnCaS0Qpm2XKi9xHPkJCvRRTl1emAIxqarjHNBxAGIsMRjQcYAcJpj2vuo8aaUdzpuuYGCmH4TLgkz8T+92vRFjiUHvdr11w4hNcnlVOSRIsDvs2HBkgzyO2D/qJv5qVyN9zBP+WJvDtZ+K8QULUFxWHHb5i1Qo0Ec5/hzw4bY5UE+qRvLnKYw6zg1HNqBaqsby/cvR7LlmaPZ8MwDapjbKuP1ZV0ohPtqFdy3MbLDCSZMVjoTbWFfiKW9izC7csRAjFo1wCivenbSq1pQuITYBFliQGJfo1Bf80T/CuQ6jFX+168IdC1EtVWPDkQ1Oz71pb3+szeryhIuAL/IBCZxn/YlEAkppaak0aNAgqbS0NNRZ0WTGxhlSyssp0oyNM3yOK+XlFAmTIaW8nOJ7xvyAOj9G8qcXZsbGGZKtwCZZJ1udfhf1Z3vOJmEy3MavjNtdOt62hz/bkBAjiP5ue84W6qy44Gmcz9g4Q4qZEiOPV605wlZgC/iYCrf50l+IudL2nC2kc1Ko5kUxNqyTrU5pe9vegch/OKwV4dI/IgVvZEhq6KMcYaddsK7AZ01RuGk11fkxkj91GKXGrri8GDWocXJDKTTi+f3zNV3dacXdu11vXKq4pBmW5iEkIpBU/w0TZm6aqTu2xO8F6wowLH0YYiwxAOA0nsUYzb8l3+mkKxDadH+YZYQD6ropWFeA4vLikJtSBHteFPVQXlUOAGiS0MTppNTb9TEQp63hcIIr+kdSfBJPkv1NEDYYUU24auiVO/W6qinyB6JuEp9NlCyTLVJifqKuVkGt/dDThrirb08aFK3fcz/OlWKmxEi5H+fqlsNbzUw4aHJI+BKu/cPTXKY8WfCmDN7MkSLe3I9z3cZfV+ZddTkCrYE12m7B7qOiHiyTLWGnfTbaJwOVrjK9cOkfkYI3MiQF+gATrgK9chKuKwMgkEeUQhDwxlzHV7MarXBacfpiSuSv8ISEA3oChHhmK7DJJjXezBdmhH9h1hMzJUbzPc675vBFIeIr7uJXmnKZnTcDlX91n/RlXvfHRjiQ8kddW7so0IcRojEeeeQR6dFHH3X69/nnn4csX5G4mHjKsxEB2qgW3Wg4d+n4qoXQKo8ngcVI3owQif0jELAe9AmV1s9b1MKDGJfqTbq/2lpZL/4QoMKFcBkL7vKhFFz9vVFTxu/ufoYvdaTccPoTf45Vo+uS0ef+FMDron0+BfowIlw19P7CWxMRXyY8s5Op8j1PWnQtjbx6kjBSBn9MzOGygEYzvp6yhDNmNNRKgcCfWr9Aos67bHajuPjqTrvqSSvrzfwXKtwpNdS/6xEqzae3/dSb/uhtmQLdnsG4bG62/d2F9aUefa3TQG0OwgUK9GFEXRfoPQ0gTwK0N5gd+FqTh1jc1RoLkT/lYi+eefJQoySQE7OvE3KkEA5l0tP46G0Ew6X+/S2gaQnvIo3MtzI93uEIB5RjW71BV3q9UZfDXT1FigDhTqmh/l2PUPVxX4VuXzZkwSYY+XG3xpntx/486fAlrnBrT39AgT6MqMsCvZHjLfWFzXA5pvdG8zpj4wwp8dlEyTrZKuV+nGto0nC3ifCmzFqLk5YGKlIEC28IlzJp2V3rbQRDmVcjmio9zZhRTbNWHw6HshtBq35sBTZdF5ZaZfbniWMw8YeGPlT4mjez/dPfdeKP+Pyp1FKfQnuzpvmKO0cO4XZqEmoo0IcRdVmgNzLw9MIEWyOgfM9WYJMS8xO9srPTyq/Wgq81Uam1m4nPJhrSaGoJ78q49BbkujLB+UN48vUoWZKcT1u82QgGGy1NldGNh6fxqFc+I5v6cEQt1AgPVsp5QesUxt1F17pWR3UFs2PT3xtVf5hhmsmTnhLIn1p1b+N0VxfhMJeGE/RDTzRR+wv2xreyVlgtv7rqcHq+d331WW/Wx7DwgWt32JEUnwQAhr4eq/RtPWLRCMT+PRZPfP0ECi8UYuGOhXJexBcCP9j+gUsdDEsfBluCDfYqu/ylSq20UqenYsSiERi7bCyqpWpNP9mv3fEaxmSOkcMDCKvP0vvDb7faZ7IvPvonrZzkMT/K+JXtAAmw1bchv3++br/V8+8czK+Ban0xeMORDU51ZnY86tVjpPqUFvUzoOMAxFhiEGuNhd1hR7mjXPafrvYTX7CuANVSNQCgWqp26Yd6/dOIX3Z+NTb88Pt3VSyq/5rATJ5Ev1WuI8DlMQDor4HKfmkkbcNztKIu1H0/HHzlRyxB2GBENeGgodc6YpMkcza0nsIG6wuS3tpFKjWWSm2ZmVMG5RG97TmbU5ztX25/+bf/2SgqtaRCM4HJ0PRpr9bmC82hnnbP3clBuGiL/YUvGnojbkeVfUSpiXVn6ynaXc+cKtTmKFqnHGa0xXrH9OGiefa2b6jLI74AnZifqGmWoxzHyvHuzhxHmVbis4nyePaHmYG3uDvtCof5IpCEegwKjIyXQJxCGumXRu+ImE3LXbhAefYxk69whCY3YUQ4CPTqhcmoCYOZST8Yg9MTWqYHegKdkY2BWljL/TjXZRJUC+IxU2LkNMUzW4FNFhzEf/XyI9JMzHedcJV5zv041+WDV/4wVfGVcJtAjXx8SyDaEpMhZb6VqVsOZTgzHlLM4kucyjybEXCUaYeLoCRJzh/1cbcBVs8HWptu9eZfa6wq69FIHSjDWydbdfPlT0FPK30tZY4/TSnCkXDKu6e6NjOmzI5DdR82ohwLxJhXbqoD1UbhNFd5C01uiBN6nzP3dLSlPD4zegyWf0u+nFaoUB4NijJAAlIap6B3u96yKYXaVAVwPv4T7244ssEpzPyh8zEja4bT8aPSrEaYxAzoOAAWWGC1WGGrbwMsQA1qEGOJwfCuw90eX96YciMOjT+EhJgEAIAVVjmssl02HNkACRLsDrt8zKk+9vTVBMeMOUAoj0218rvhyAZUS9XYcGSDx/fz+ubB8r8z4QPFB+R+pC5/Xt882BJssNW3ye1u1BTHFyatmlRr/rJqktfvKvMs8uqpfZW/K4/pi0qLYIVVNkkJNO7ymdc3DzGWGHksFJcVa5pZqeeDAZ0GALg83pQmaxuObEBSvSTUoAYWWHCp8pKTGV2MJQYAXEwZtFD2KQmSSxm8mYvNoDaXUP7tV1OKAKHV9kbnpWDORZ7ypDbjUmPUpMZbUxi9tBJjE2GFFbldcwFAXhubPdcMzZ5vBsB5ffS7GRKA/P75iLHEoAY1mv3LH+Zogch3WBKEDUZUE24flnJnjmL0kpf6t2AdvfvjOFKtSVfv2JU7+cy3MmUtrdE0tDSYQhNopI7cHXGK/1e6CQykht4bc5VgYaQsRs2Q3MVl5CJsqDB7CqZXXjNaQ181/WbwlE8xDwkNvdaHo9RjUK+vqE1qtMaAp3lTrfVXavuNfvjIU1rBItTpu+uDvp40GSmb0fIHQgPv73j01msRp+ijRkxt1H3diCc3I3Ox1jrqaQ1Vn6xphfN2HQgHaHITRoSDyY0SXydGLSEvWIu7PyZDPTMa9e8zNrp6tNCbJJSbBD0bY2E6o7xboDe5GEnHm+NyvTpwd7yvFD7UplqBwF8Lpr/i0lrwjfSZYGA2Pb3ymjH3CNYm3pt8egpvdKMnSa6bJk+CgJYAomV+p3ST6e085stGPVyEFl+VC1r1b8YdsN6c7Sm8pzYzM5bM4O2GRPmOKK/eWBBrldIERq/8Wn3d06bbSP9XpqeXb3UdqPPgSWHn7pkyv6G+J0SBPowIN4Fey5bYm4lRLHSJzyY6DaZw19C727Xrxa+sK+WmRemPXD2ZaF2gU06SSq2qp0lST/DSu5RntJ6MapHMaBLN4q8F05t3vdXMeWovf258AiGAeaOdChcBUODNHQg9vCmrkcv9yv6gJYAoL1cr+4ZeWbwdt95s5v2hDDGSR3/kw10aWr+ZKZvyHpSRu2WBEMT9hdE6VfZFo5puT2unVlh3dancABhJ250SQWv8iXHlLw19KNZCNQEX6C9dumQ47N69e80kUWcIF4FevcvVEj60Bpu6s2stdOGiKXI32Wvt2vUmCK26mbFxxmWN9XM2TQ2eVlzKdNVebfQETE+TorJcWpO4pwneiBbJHxu0cOkXAnW9GElTvVC4EwjFpk3pKcUbjGwetMKKv820mbebSq20g4HS65NyI212g+9pLLkT/tWbaXcbbCG8Ky9X6wk1Zto82ONLa+PijeDrzZjTqgcx74qP/KnnS2X8RgU1b74M7KksnjaNZswX/Vmn3gil6jXMzGbQ2znX3Rqsxmhbe3rX3XMx3vWcWASDgAv0DzzwgLRlyxa3YWpqaqQPP/xQGjx4sJkk6gzhItCrB4qWYK/cxYtn6sHsq4bEl8nS0296C3Pis4mSZbJFsk6xyguBMrze0Z6Y/LQEba2NjdZip9QExUyJcVsOPdto9WQsyqQsizreUB8TSpL/bFz9FV4dxkj+tMaAHkphw2i59YR4owufSEPZl705KTCiLTbaTwOJuCtimWzxaG7mTtDSEqjMekAS9aw0p9NrF0/zql6+g4HZjYGW8OWtAOftpkBpduHpi9nuxpO7NjCivdbbdOv1SW8EVTXu5imjmzxf2kF5Z8tbvF2LRJpaJqq+4qntJMm8WWIgCbhAn5OTI+Xk5EjvvPOO5HA4XH4/deqU9NRTT0nZ2dnS7373OzNJ1BnCRaDXG/haF8fUnV7rq6TKy2fe2DAancDdTWJGB534W3nJx51WXRmPJzt1bxYiPYFBWb+5H+dq+sIW8QpBRiwI6mNAdVm8EaYDNVkZjdfb9ncX3lthVlwodudP3NtyeLMAagkd4n13LjP1NElal0GNpu8pjKjb+Knxcj8NJlobW3eX+7QELU8nk57mMq16Vo5Nvb5j5NTNU3qBEibMbIxmbJyhuclSl9dTX/R2nlKvO+qvfuttRN3N4cq28TTvqDdmRtcAs3Osp/bX20AaqU+9chn9zShm8qRl2usNWv1Afb/Nn+0USAIu0G/fvl168MEHpZycHOmPf/yjdOjQIfm3VatWScOHD5eys7OlZ555RiouLjaTRJ0hlAK91mSgfJb5VqaLhxR37wqUWhJvBqreYDEqMBv5TSvexGcTpZgpMbIgIi77GE1DOfEbsc1T1p3eOyKM0uuF+K/W6YnyRGDGRtcPgiiFfJFXb4XKYFx+VaK3qVT+ZmQRU4b3RrOjrDOtutTr1576n5aQrtfftJ4pzbTMaHHVgoo7IdWb+ETdKgXYYGJ046c1d7nzBmX0Q2LqPBiZF7wtj/p3dxf8fMFTv5QkzxcItRQL6nCWyRZNYVuZD08aca0NlFpx4anNlGnobTq0vmGgtSlQph9ovJ2LzAik7ja06k20u7T18uevD9l5g1Y/Dfb65i+Ccim2tLRUmjZtmpSdnS0NGTJEWrRokfT888/Lfy9dutRs1HWKUAr06slOvUAoJ2O9d7W0LsqPHQmzD62Ng5HFVyusUhjV0qIYRStebwQ3T/WpV19ax8KeNIZadrhaGgX1b2ozHOWi5K2G3t1pjRGMCAladeZuojUqBAu8MQdRb6owGU59Tm8B81S3WkKAur+5K4OW3bW6zoyk7aJB9rDJ8bTBFfGY1Zr5C71+plV2UWZ3c6HW+PK0WVP3WXdCkR6e+mogBUgjc58nAdyTgkO9OdJL011elO2m9BCkbDdPAqM6fmWcWvGKPqPXR4LpxteMgO5LGuq68laxYiaMMh96coSRS7J6zz3Na+Eu5AfVy83q1aule+65RzbDGT9+vHT48GFfo60zhJOGXjmRWSdbpaYFTSVMdvazrjWAlIuVmAD14hUD192lUU8LnlJbpk7bkyDjLm61tsGIFlstMBjR0KsvbulNOp6ENa0y6R1Fqjdrep4MvJncvBEe1eGNLAxGNgC+LghGUC/cnkyk1PdO3PVlvTIa2cx4ik8LZbxCAFf2CXdxmjG/CwV6fUIpxGvNP8p7J3rl8TQniN+VXquUfcboXKVsH72NlhFhw5v+523c6rDuvpyrhbou9dJ0V+dawpkwszHyRWCtMaoc78q1QD1O9PqI2ToPJVpKMq1+787MT6C31qqf536cq3nXS6s9lPOPu02fsi20NunebrjMbmyDSdAE+qqqKmnWrFlSTk6OlJ2dLWVnZ0tjx451MsGJdsLpw1LqDu/pUpHA02DXmnTFpC80xmLgCftwd4NIa/LxZJdsRPD3VmA1GsZTOlrl8uY9pZCmZ2cvwmgdR2u1rz9ctbkT2tVl1atHT5OwUaHGiKDhaTMj+rDSDErrd3ebMG/y7GnxMbOQaC2Oehp1EVb2zqMKJ57H/T0uLC5ZC/QEAqWQrTXWlJthvc2u8mRNKz31+FF6NjKqsFAKIr5ukDzNT1pjVCuf7vqaem4VygpP+Xbn+lOrTr0Zt2phzki9uBPylWXU855jVOvr7zVDzyzWaBySpK0kU+ZP+bsn9MqnbBPRR5SbJL32Vo4pdxp6pZc5rbrRW9uM1pmn9deb9vQnQRHojx49Ko0fP17KycmRfv/730vff/+9kwnO4sWLzUZdpwj1pVh3gpoRH+ZKbYbRDq0e2Mp/lskWU4KK0Qna1wu6nsIYmQD0cDdpGklHuRHT88Sj15bK+lHb30uS+UVIT9BTa1SMbFY8bTAkSXtT5ElAMio8i/YRdy70hEGtfBq9WGek/tQbFKOnLer2NmqKoF4oRVzqsavUdpsdA2YxIkDpCQ1qgV9v46fsR1r9SxmXyIdZz0ZGTvqMlN1T/esJrmrlh7s+606ocoeybtwJSZ4UHVr17+negla9KO+AuJtXtNJTa4/V85u7tH0RGr25Q6EXx4yNzqdTWnnwdEpipDzKOVR5Wdo62er2QqrRzZH61E1dXjPruVZaRteiYBFwgX7ZsmXS3XffLWVnZ0sFBQVOfum//fZbafjw4VJOTo7017/+VTp79qyZJOoMoRLo9YQYvc6pN8iUgqNRYVm9gFomW6S4v8fpuln0pjzKtLV29v4W6NUo09TSlruL0xvbaC37WvXkqZww9RY19YWymCkxLjbjZutCK9/KtI1sBL1Z4JRCphHtuToud5obdwu0JLm/CK4uq9G61BMU1UKXMm1xAqM08RDPtD5epq5rT+YL6jsaTgL9/4Q4Zd/0VG/+wl0/0yuTeKbejHn6noDR58rfzNzx0Yrb0+bEV5T1ZURDb0T4UteB8r/uvKe4K5+e0OhLXShN0NTvq80k1emp1xi1QwN1fWiZpLrbOOnVvz809Op5xpvNpPp9NerflKZLRhQ6ntDrr+7ya3SDoJeOp3k02HgjQ1okSZLgJTk5Oahfvz4eeeQR9O/f3+X3M2fO4KWXXsL27duRlJSEefPmeZsEysrK8Mknn2Dv3r3Yu3cvSkpK8Pjjj+O3v/2tofcdDgfmzZuH1atXo6SkBKmpqRg5ciQyMjKCFhYA7HY7hg8fjgULFiAxMdG7SvCB1OmpKLxQCFuCDUn1ktC7XW9sOLIBlyovobisGCmNU3Bo/CGX8OK5+v28vnkoWFfgFMYdMzfNxBPLn0B5VTmGdx2O+UPn+72MMzfNRMG6ArlMABBjiUG1VO2SRxE2r28exmSO0SyzXvzKd7TStMKKGtQgpXEKAHisI5GuBRbUj6uPhNgEDOg4AMv3LwcsQH7/fExaNQnFZcWw1bfh7J/PaualwT8awO6wA4BmeiIdAEiMTURFdQWqpWokxibCXqX/nhYjFo3Awh0LMSx9GOYPnS/nR/QrZb5EPfnS/ur01OXJ7ZprOE6tutML4648Y5eNRbVUjRhLDF674zWMyRyj+9ybfPVu1xsLdyyU4xiWPgxLdi+R6+7GlBsxaeUknC8/jxrUALjcz5WIfmirb6vtQysnoby6HAmxCcjvny+PXwAu41zEJ/4rxn2RvQh2hx1WWPF61usYkzkGzZ5vhuKyYlhhxfCuw+W8G+1LZtBrw2bPNUNxeTFsCTacfeqsUx9Rl0GMJV/S8+U3LYzM06J/KMfCiEUj8OH2D1E/rj5evO1Fr/tcXt88AHDKq7s5UrkOqNNS1jngPAf3btdbM5/u8qGMU2sen7RykjxPAnD6W6s9xDhwVDvgqHHAAguua30dikqL5DRFnwac50RPdXKh4oLTeFGukyIu8UyvrP7E3ZqllTctGUDd1t70GXVfSIxLlNvdm3lYmZaezOJreGWexByRGJeIckc5alCDxLhENE9sHrC2Moo3MqTVTAKdO3fGK6+8oinMA0BycjLy8/PxwAMPoKyszEwSuHjxIj788EMcOXIEHTp08Pr96dOnY/HixejXrx9Gjx4Nq9WKKVOmYMeOHUELG0ry+uYhpXEK8m/Jx6Hxh7DhyIbagSZdnmSA2g6eOj0Vvdv1dnqe1zcPtgQbyqvLUWQvwqRVk+Qwvdv1Rur0VMzcNFNOT8QjnhWsK4C9yo4a1GDDkQ2aYcwi4gGAQ+MPIb9/PhJjE2GBBVaLFbb6NpfyTVo1CYUXClGwrsClzKI8IxaNcClD4YVCTFo5ySXfVza9EhZYkBiXiOFdh8t1J+pdpK/XNjGWGEiQYHfYUVxWjA1HNiCpXhKKy4pRsK4A+f3za9tPLFr/y/9jXzwm5yMhJgFArSCnlV7vdr3l/0+IS8Brd7yGlMYpeHHAi5iRNUPOp5F2EULbwh0Lnepmw5ENODT+kMuEp2z/5fuXe93uG45sQLVULfcdUW8pjVMwI2uGW2FeXZ4xmWPkPLor66WKS1iwfYHcT5SMyRwj15+vwvyIRSMQ+/dYrClcI49NIZyLMjdv0FweO2Myx+DsU2fxetbrsCXYYKtvQ0arDMRYYpDZOlN+JvqhEN6Ly4vl/iUWMVuCDYlxibhUeQkzN82U63RY+jCn/4p548XbXkRK4xRZmAdqBacYS4ycP1Ev7vq8ryjb0AmL839FGW31bYCldnOdEJPgNJaMIPq3uh+of9Oa9wovFGLssrGG+rvI7/ny807jSYz/vL55mmNh4Y6F8vyhlUc1WvOguozK+a7Zc83Q7Plm8hwp6lKrzGI+AyBvSJV5V+dz5qaZeOyLx2rTWjVJs21Fv1SvNWMyxzjNk6Kfi7+12kqMAyHMS5Cw+fhmp7IP6DgAFlgQZ43DpcpL8loAQBYKRT7y+uYhMTYR58vPI6NVhkv9KPugEAZF+XT7sZ9w12/XFK7BpYpLSIxLdFojBaLORVm0+rA6fnV5RN0I7A67vH4q+54ek1ZOkvugSKvcUY4YSwyaN2juMncr8yPiP1d2TrN8WvkV75c5yuT81qAGFlhQ7ij3mN9ww5RAX1BQgCuuuMJtGIvFgqFDh+LFF180lTGbzYY5c+bg3XffxahRo7x6d+/evVizZg3uv/9+PPjggxg4cCDy8/PRokULzJ49OyhhQ43ouGsK1yD277GQICHGEoMBnQY4TVBiECzfv9zl/aR6SbA77E5Cp3JzoBR01QNdPakB7icbT4hFZMSiERi7bKw84YxYNAIF6wqQEJcACRIcNQ4kxSe5DFjlRkY8E2Ve/styFF4oxMIdC13KoJ6sxbs/nfgJEiQ0T2yO+UPnezVhC+FQCFe2+jb0btcblyouaS4CAID/naPVoEbOX/4t+bAl2NCkfhPNdIQAEGOJkbVXovwA5PiNtMuw9GHyYq2sG63NnfhdLVhpxa8nYCs3RkoBWOR/5qaZuu8aFcbUz4vLi1GDGsRYYjQ3OuqNwWNfPIZqqRpWWDWFeb38qTdHSkFbtH/vdr0RY4mRN2VijOXfko+zfz6LotIiVEvVOFB8AEn1kpDfP9+pH2rFKTYGzRObo7isGGOXjZUX+eW/LEde3zzMHzrfqY61NkMAnIT4QAsp7lBvfEUZz/75rPzbgE4DvI7X3cZc2ffFXCT6k2ivaqna0Dwn5ll1v1NqEbXyMix9mKxQMLKREv1eKeyo+5hyvhNC8sIdC5HXN89pg6El1Ck3u1r9UL0OiJMmMa/pjRUxNys3Es0bNJfzrYxfPRfN3DRTFmAF0v8STIhLcKpTsfGorqlGcVmxy8ZeWeYxmWNQUV2BGtTgpxM/uWzARB8UG2tvFVi+KL60+orI+8IdC1FcXozmic3lkyqlIgu4rCATpyzqjZ8nhdWYzDEonVSKGVkzXOZ/SLWnZkKZoC7nzE0zcb78PADgfPl5eTOZEJeAaqkaP534yWXudurD/+tLEiQkxSfJ5dOqx5mbZqLZc81QZC+Crb4N93a9F5b/aQWssKJp/aZOYzJSMCXQW63GXzOjXQeAuLg4NG3a1NS769evh9VqxcCBA+Vn8fHxuPXWW7F7924UFRUFPGyoEYNlwfYFqJaqcfjCYVmIUArgQtAtry6XNSaC3u16y1oLMSGLSVI5UCetnOQkjALOC6ty964c0N6gnJSU2kwhhIvJQplPoYW3JdTmVUy2YhIQZRaLnNAsiYUBgMtkrdZomh3sYzLHIP+WfDRPbI78/vnYcGQDisuLcaH8gmZ4Ibyr61iprVKibCelsKkl0KoXdi3mD52PqmeqZM24WKxF/QutXoN/NECz55sBgItgpVVXam2n0AwClzccSgFYGV5dFtHmYtFu3qC5/FytcdTSTon6FfWlFb+IZ9KqSZeFEh308ie062JzpNw8i82oWisrNt5ifKr7sNCmKYXus0+dRenEUqcxKMoqFuwPtn/gouHU00Artc/K9gkm7jZZ6jAij0IBoSdgawlQ6niVYcRvoo3E2Emdnorlv9QqCZSCgPJdrbTEnKLX77TKOH/ofNT8rQalE0s9toGYC6ywysKOso8t378czZ6r7dNCeLcl2GCFVRbqlHlQCnWiPGsK1+imLzac6nXAVt+G/FtqN2J6pwVKRYzQ3m4+vlkeG2IeTYpPchL+gdoxU1xejITYhNo1AIAFFtjq2/DibS86bVTFXJkQV3vqmRCb4FRG9fqmVnBotZFZBZYvii93px3qNUu5pioVdIDzhl3Z3kY378p2GdBxgHzqBwDFZcWYtHKSy5w2aeXlOVWc7AK1p+Exlhj5NEQ5rpRrw4BOA5zWSE+KHXFykxSfhPlD56Np/Vp5s0n9JvIYaJzQ2Os2CCWmBPpw58CBA2jTpo2LvdFVV10FADh48GDAw4Ya0ZkTYhOcnosJWgxSF+2V4kaF0Fq0Tmot7+jHLhuL4vJiJMUnyYKa0OiIhUJr5y0mCj0BVIneomdLsKFebD1Y/9dtLbCgXmw9eWFQbiCUJiGw/G8S+d/EIRayhJgE2fRFDOpD4w/JC4MIr3VkqtZkmkGt+VBqRbQEF/UGSdSLloAqJizlacXMTTNRVFoEK6xOx5daR/pG2qVgXYEs0Ig+oDTxUAtWWouAcpMnFuDismIn0yLl4qksr3qDKOrz8IXDAIBNxzfJz0W8eiZCehtQ9QIo4hEbSGG37m5DpV5Ai0qLnDZHWmm5tKsYl//7r7oPi36jPLLWQ2hUhZmEEHK00nbXR0OBJ2FHmEFpnbTpbb71Nl5aR/tKMwSlIC42DUI5oLeJVpq1aGkP1f1Gby71NOeoN2LF5cVoktBEs48pNfJCeD/71FkM7zpc19RBXS8fbP9A9+RLWd4Ri0bINu1K9Pq/MP0akzlGNqtSa9e1hP+Zm2biXNm52hekWoWIcq5XC95irrwz7U7EWGJwdYur5d8nraydlyBBfu/GlBvRtlFb7Cveh9i/x2LEohEudS+USUX2IjR7vpnhdcKM4stdv1CuWWrzGKWgrzxJ1TvN9ZSWEuUaLOIqcZQAQG37q+Y00b6JcYlOZmhiA3fg3AGnNVesP8BlU8X8W/IBCbKJsF49CtMgK6yyIkt52qdUlhk1nwsHTAn0d955p1f/gk1xcbGmdl88O3v2bMDDqrHb7Yb+ORwOg6V0jxisLw54Ebldc2V7W/VOWyxEZY4yJ42JMg7lxCkEOGUcAzoOkLVUWguqclLXWqz0bNfVQqHQYoqFqWn9prA77Jpaba2jOPFf5WKhaf+rnmh0MKNJUU6G6vptXK+xW+2CEU2iQGkWoNQqC7t25fGlJw29lv2tMo1h6cMAqXYiVpp4GKkfke/ismJcqrgkP1cKycrTAfXmSrlBFAKnEtHn9OxG3aE2NxHxJMYl1i5IFjjdn1DWl9j4Xii/gDWFa1zuqWht2IQWUpxQKBev/Fvy5T6rFPpc+vD/FsXz5efdLkJKM4k3st5wOoL/90//xtGLR7GmcI1L31D2UWV5/XE3xgh6wrk4PRFmUEoNuSetotY8p+63ys2MUpOp1FrrCYzqTaieGZ/4f+VGXE9z7WnO0TKTcBKOcbnPibGrblexaVSbOoh54Imvn5A1/wA0zRPU5RVmH+qNv9LESJk3pcJECFxK7boyDWX5Jq2cBAkSrLAi/5ZaAU0oBtTznLJ9RJk3Hd90ucyqexrK+t10fJOT+ZzyN3EvSpTV3SZbibuTVz3MrEVqQV99kiqUA08sf8Lj+qw19rUUA47qWvkmISbBZU6DBPn0RGmGJk5NIGnLErldc53SUZqLCWXeo1886rTpGpM5xumekroPjlg0onaTiNrNgtJyIZyJNfNScnKy5nNJknDu3DlUV9fumpo3b24+Zz5QWVmJuLg4l+fx8fHy74EOq8boPYDc3FyMGDHCc0APKLVDeX3zdC8R5vXNky/2qRciZRwirHriVR57Ld+/3Mlbh1LbovTSkdI4BWMyL9+IFwNHqRmYtHLSZa3t/3bJSvtttR2zuFwlBualyktOu3aRb616Ui/07sKr685IOCXKyVDcZRD5Fd46hJAt0lCWSalF00I5MQkvJsXltd4bbAk2JMYmoryqHBmtMmQvD2KjptbQq9O1JdicNB6i7tSeRsR7yjK45X8LZXVN9f/+tKBp/aYuQqO67wG1G7ejF4+id7ve8nPRny2wOPU5La9HwquI+r/KPqZsH6UnI7vDLmv81fWl1Bx9sP0DAMDRi0dlza3o+8q2FIuR+H+RzqSVk5y8Tog2FeMIqL3wNnbZWGS0ysD5stoyizGh10+EdxCB6JtiPC7csRBtG7V1GdsiXW/6pb/QGq+AQosKeO1tSB2n1rhWttGlyksubaeebwXKel5TuEbuW+qwev+vzovenKNld6/8W10XWv1a7RFExKEcEwBkRUe5o7zWe5AbDzgC4cVLqZlPiE2Q7yEoTXtE/pTPlfWiDKOc65RlE7bYCXEJ8vvqk0hl2yhNgpQX3fP65mFN4Zpak46Ol0+zRd00b9AcP534SV6btNrosS8eqzUlUYw1vXbTi8Mdyg2+MP1y1xae0pc3Bf/Lb3lVuVN/V+ZNuZ55ahd1X1Kmd/TiUVRL1Yizxjk9792uN5bvXy576hLPlWuSsm8KpUu5o7x2DlYo5RbuWOhyKqqWM8Rl3CMXjjjV0/my8/KaF86YclvpjpqaGmzduhVvvfUWUlNT8eSTT8Ji0ejJXrBv3z5MmDDBsNvKxx57DE2aNEF+vrNXg8OHD+Oxxx7DH/7wB9x+++0BDSsQLodmzZplyG1lXFyc5qbBDO7cMioHnZiwlG7R1Iu13iKpdHvXOKGxblgtl4PKSVv9jifXYCKcnts6tRs45Tue3FV6g96EbDS8Or9aLre03IkB2u7P1GVTL1piAvbkmk0vXa33hcs34RbQ2/pVCtdK153uyuUuj6Ju3PVdPXeNarenevFrCQJafe/D7R/KNv0ANNtlQMcB8mZCWX51OZS2xMq0Z26aiUe/eBQA5ItdEiSXDZbWGADg4hpVgoTDFw4js3UmHsp4SLcujbg0DBTKMgGXhSbhXlPUna950qo7vfGi3iQqxwsApz7mzYbDXZoC9RjUelcrX4mxiSirKnNyK+kpLa34APfzkXIe1+pDevO/eK4173iaE2IsMagXW0/edCgVNcq0AWeHCeo1w9f1wl19+mMtUsYBuLpNdteHleN6WPowLNi+QNf1rdq1stBk67kXVs51esJ8g/wGsgtlgfS3y/OlJ1eaSsFe9C/lPCnclVbXVDu5ABbzrihvYlwiEmIScK78HCRIiLPGwVHjbC3hD3nBDAF3W+k2QqsV1157LZ555hls2rQJH3/8sb+T8IjNZsO5c+dcnotnzZo1C3hYNYmJiYb++UuY17LFFKYXSnvjgnUFmjbU4li1vKpc17Z7xKIROHzhMBLjEvHaHa/JpjfD0odpmoAIcwiRjvLYf1j6MNncQGmOkn9LvnxUKi4ACg2COOZTmgrl9c1zugSrdSFO79herx7dmRMYPerUsydXHxcrjz2VtpjqI2WtdLXsttW24SI9pUcIPZMEYW4hPCMp31fWndrTiNJMQ6v+hNcacQQq4lXed1DXp16baZkwiPKIfGkJT+I9pbtGcUdDqekSda+8a6KsU8DZnZ2ynZQXrQDIdSIuIIqyiktpG45scGordTny+ubJ9wxEPgA41VVcTJzs0UrvwqEovxD+xX5jTeEaHL14FGfsZwAAO0/vxNhlY9G7XW/NutQz5QgGyjIVrLvsNWV41+G648MdeuNcecTvbrwoTQ2V3rLEfCQu3avvILibX9R28G5N8FRmglrvqvMlPIio3Up6SkttqjEmc4zLBUe1Hfn58vNOp1bKU1+tMap+rjX+3c0JLhcaLZdNTADIeVPaUYtyK+/ZzNx0+d6R3nzmCXcmX8LxRJG9yCVO9Typh7IetOpEqz1FexWXFcMCi2w2pPQ+JPJrd9gBCbLjBqVduTv3wsqNnt49i/Kqyyc2AJDZOlOzbGLtF3er1HMjLHAxBxZ5F4L5jSk3yqegYt4V5U2ISUBSvSRZ+RJnjUNK45Ra5x/QNicLRwJ2KfaKK65AWloaVqxYEagkdOnQoQOOHTsGu91557dnzx7590CHDTWi4yptMZUXn5SCnVoIBCAvDAkxl/2Xq920CV/IFVUVGJPp6plDiRDehcmGsJsXbvMWbF/gNFkAlwXf5fuXy8dnWpcUlTb0SvtDLe87IownAURM3E98/YTTQqXG6OZAT8BQ50V5pCkmXa2LnHoTt/oirLo8gGfPH2LzJzwkKdtTmV8RTnjHEGkq+4FWuZWeCdT1XO4o16xPZb0o71xoCb1qhA271t0DcblZbCaE1wNRP2rXpur6Uh85q9tJeEsQFyWVi+K5snNIjEuUNxEi7+q7JaLNxmSO0bzfodwsx1piXTbVyr6i7AdvZL3h5H1CtEuZo6x2Ea2qPbb+cPuHmhpGZZsE89KYELKEICS8GQGXlQXq8eFJONIbn1obRpEHvQviSm8iys3f/KHzXe7sKNNVxjlz00z84Ys/yJsJT4Ka0h4ZcPaKpN68inyJcaP2nmVUKFTWgyyY/a9fCvvr5fuXO9lDK+2dgcubyDWFazQ3De5ODNQCurIPXqi4gOKyYiTEXPZwo7YBV3/vQV1u0Qbi3tHCHQsN+VL3hLKcWn76BWr3tnoo60HPfEetxFHOH0IBkNEqQ/6eS3l1eW04xf0BsfkQGwClHOFufVXOT2rBWFy8zu2aC+lvEjaO3qhZNuHcQ+2AwJ3yRmneVYMaWTkhNnEZrTKcvC0pN98JcQlOF629PVELFQH1clOvXj2cOXMmkEmgvLwcR44cwYULl4W6Pn36oKamBl999ZX8zOFwYMWKFUhLS3Oy7Q9U2FCjHmhiMAq/xWIgCAFD7aFmQKfLrqbEwq22j9fzTa4n3CqFbbFbF27zxMcchKs05cdNxMBMiEtwEiDERKH2uqF06acn4Oohyi8mbvHBCb0LskY2B0bqRol8TK/awCjzB7h6jtFakMQELsojLgfp5UdoGpVtoudtQb1J1MqHVjrKfiMWflHPCXEJLuUSwpgQ+oWmUXyHQNSHWrh0pxnyVN9icheeFtQeNLQuNmtp77ROSGwJNvkDN8IOWevbCVrlVI5Lkd6awjXyZVXhs1n5MS9lH3W3ARHtcm/Xe3Fo/CF5sa0fV1+3/rzVhPuDgnW1Hy0TgtDm45sBOAsL6rJ5Eo70xoPehlFdbqVGWe1NxB3KdNUf1ZFNtXQsVkVfulRZe5lc67sVQtN6aPwh3Jhyo0sc6v6pNI9QjiW9+hH1IH+8SzhVUAiC6roRiqFfv/1rfLD9A02XtIB7pYq70wvl5ir/lnyXC6Z685O6zzi1AaCpVFKiNf7VmzS1c4G8vq7eVgTq9dUT6lMSZRurlTj5t+TL6SbGJaJaqkZRae3mWLnBkL/l0HGArMBrmtBUt85EGX/99q/lDbTyJF4tGKvdIevVpdbGUxlWayMjNgFKuUK5iSsqLXI5EVW7Wg7F6aMv+N2GXnD69GmMGzcODRo0wL///W9TcXz++ecoLS3F2bNn8eWXX+KGG25Ax44dAQCDBg1CgwYNsG3bNkycONHlMmlBQQH++9//4s4770SrVq2watUq7N27F88++yy6du3qlE6gwgLe2T8FEj1bPbUtqrBpd2eXqLdbNWJPrrSbF4hLkFp2wwBkDYtYJITNnLBTVtv1ebLtNWLT6M4G39sy64UXZTWTP717EVr28kpbUqBW8Kl6pkozb3/44g9Oi5hwy2gkPXdtrmdDKWx/46xxqJFqMCx9mHw0KsLF/j1WvuTavnF79G7X2+l7BABkMythRyzsP8WlWGUf0zq9cGf/q2ffqzdG9GzdlYhya31eXFlf6nKKvADOl/eUtqNq21LlGNCyefWEO5txI+3vT0SawtYVgFPf0SrTzE0z8cTyJ1BeVY7hXYcbLrenfHgz7gVafUfEpfz8fEJMgmy7rB7L7mzN1X1ImT9P9trKuVl9l0QrTnft766fifGsJLdrrsu4F/kVm9/E2EQ0b9BcHlvi7pTaNl4rn2baSjkfKtPWunOmV7/KZ2JMKsc8oL/meov6PplWeTytN4D7+0HKfuaujwn01ho91Lbx7urEU1hlH1T2LUD/gm444o0MaUqgX7Vqle5vZWVlOH78OFavXo3S0lIMHToU999/v7dJAAAeeughnD59WvO3d955By1bttQV6CsrKzF37lx8++23KCkpQWpqKkaOHIkePXq4xBWosED4CPTuhCqBO6HdyGQgFh0jF3KUQr24JKvOr5ZwmhibiIrqCllAVV8Eyuubh3FfjoOjxoHM1pkuR3jKcnq6LGxkkBu91KQ1+SjzbXQiNyLsA5CFWlHPtgQbyqvK3Qo1QsgEIC86Su8vehdWPeVT1oD/D+XFPSP1MmLRCHy4/UP54h4APLH8CafLVLb6tlptd5VdXnzFxgyArrcbd+gJJXoCg7KOAFyuS4UwoCdw6QlHWhtgZR0JDZ56TKuFRKMXlt0Jaeo8+/NyuVFEmsrLnAmxCW4Xf1/yaWTe81ZIVAsW6s2XWkARbSL6sFqoUo5xd5eTPeVZOf+LPqXVp9UXxtWXH/XWAoEYV1aLFY4ah64AKsIJj1zKepHrTGMu8UYJI9pAr3214hIbErWwqrfWifFUXnXZK5Aor5azCKP4a+NiNC31vOBuc6r0/uNNmZQKNQBu1xtPijtP4z4U85cZvJIhJRNkZ2dLOTk5uv+ys7Ol7Oxs6aWXXpKqqqrMJFFnKC0tlQYNGiSVlpaGOiuSJElSysspEiZDshXYpJSXU6QZG2fIv83YOMPlmdH4Ul5OkXI/zpVipsRImW9lSrYCm2R7rvaf+F1J7se5EiZD/k0rbRFf7se58u8ivsRnEyXLZIuUmJ8o5X6c6xSHiBeTIdmes7mUZ8bGGXL+9Moq4lLGrVVP7upM+ZtWvXuqb2/bY8bGGZJlskWuH73862ErqK1b62SrHF5d7+J3Zbxa9aFs9xkbZ0gxU2Iut0mBzSXftgKblJifKP8TbaMVn7KNLZMtclgRRvytrntlWHd1qH5P3Xf1wsVMibmchwKbZJ1sletLLx6Bsky252xOaYi61qtzdX6UfyfmJzrVuac+JfqAVn7V9WFmvvAVvf7lz3GkRK8P6D03Oh8ox4S6X6rjUM4d4h1lulp1ov5Nqw9p5Un5/8o+rLVm6OVTq0206kUr7fYvt5cwGVLmW5lu+5vWHK4ch+7GmzJe5ZyhFSZmSoxL3SjXJSO4m3+U/cDd/OCpHP7A0zhx1x65H+fK67GRvu/NmqlXPk9rtLJ/aPVH8bu7NdJdGsHCGxnSlIZ+/vz5uq4oY2Nj0bRpU3Tt2hVXXHGFt1HXOcTuqk2bNrBana8sZGVlISsrK6j58eZIS+s9Ixp6cVwLQHf3LLTBwhQCgItWSrjiU7ouExoTpUmO0tSgd7veWLJ7iZP2Vvm7lnZR/Rtw+fhSy+TE6M7eUxqeMKNB8KV91W4UlW2qdIcIOJviiLSssCIhLqHWbECllXan+VW7kAQgawmFyYmyH60pXIMPtn8ACyy4t+u9AOCkydPro0bqxGibKY+382/J19SSAnDR3Otpm5TH+2oXrFoaULUmXl02b11KqjX6wv2jP7TS/sKIZtWXOL3Ransy09LqY1ruBQVGTAuUJhFKcxwtbbB4rp7H1OnpaVmVp0LuzNWU+TNy+utJW6okt2uuW027N+4RlShP/AC4aM3VdWD2NFUvLl+02Vqngb6Yuxk9VfFkXqc0o9KaO5XzZVK9JK9OtT2NcU+mTnl985zqP69vnuzmNjEuERVVFbomT+p+GQptfsA19MQ44aCh96QdEbjTPBjRzil3s5404EptsJb2R6mxjJ8a76KRExpdpTZWrVFR5sFd/rU0AfJJQH6i6ZMMXzWY3ryvDmtWi6TUgKu167YCm3wCEPf3ODl+pVZXrWU2UhZ1vxF9QqQr2lSdV6WWXoTzpo4EWidBnjRJas2eJ42klvZSrTVVjxs9ja6ynyq1t540osryqrVp6nhCqZHSQ2sMe5pnvI3TV7zp53raQaOaUq3TLnV5lPOY1njS6u/iHaMnWkY0zEY0uMpTPCOnL1rt70mLr1V/WvF70vBq5cXd71rzsahn9QmekXXYrFZfLz5Pde1pnKjbV68fqk9P/YGnfqA+IRGnlsq6V68xyriV/dLoeupPvJEhKdAHmHAQ6I0I45IkOU34atTHa3rH8u7i1wqjJzioB5Jy4lWXR0wmQrDzNk+eJoRIQF0n7iZgTxs8d8KpqCvlIiSeKRdj9dGmEbMTPUFXSwAXba38l/lWptsy6qHs98rF1N1ipxe/Xnm1FhhluurNlPqoXyyI6oXHjKChHFfq/Ily65nKhRK9TZIv+QzFONcbm0bHyoyNMy4rQtxsnPWE0sy3MjUFRpGvxGcTNX93J/zrCUTiPa0+p0ZpsqkeK7YCm1vhXGve0+sfRjaC7tpIq794Eni1fhdzpjCPFHEaWYf9teF2N48pn7vbkHlaT9ylYyZvWr95Wu+U40qsHWrTUXf50BtvwYACfRgRKoHenYCm1/mNanWVk7OR3bw3Ar56UtCaeNVhlfnxRivtLs+Rht4EqjVhGS2rp8VLKfjO2DhDynwr00WwVi6q6vBqjEzKynsZQvAQGhfle1px6ZVH2e/VWkwtwUJvXGmV191iJAQrpQCj3ixrpesNWvXgbnH2Nr1QbnyNCGbhiN5YVd5T0eo7enO63lhXbw4FStt9d/lQ93XlxjPx2ctaTk/1rxwTehp6ZTitMausG3dj2t2Gxhu8Fdw9rZ1GhF6tuHwRhH0R+tV9x93m2dNG0FM+vd1USZLnE1J35TFTL2LzpT4RCwZ+F+gnTpzo079oJlQCvbuF2dfdsrvJS2sS9SSopbysuLxncIAqEYJk/NR4w0K5vyb+cMeoYOtOOHWnpfK0ORB1K8yj3Gn0tBZntRCv1ae12k+drpG8SpL+wqwWLJTCtrfaP3f1q15Ife2b3o51b8OHYiOsl0d/bS6CvUlRztWJzyZK1slWeZOnPK3SuxCrZaoiSc6OB5TjTcSltRFWll+rr4t4lJdljSgGPJn7aP2tjsMfc7Svbau3qTI7DvTiE5iJV9lWZsemegPnrv7Fb8q+5qms6ny6U3xo/eatgG203fXKGUrFhd8FeuG1xsy/nJwcnwsUyYRaQ+/O84E3ndPoxOKNZlSSLg9McQwmBqg3E5kZLaYy/lAIJYHEzGZFqw6N9BNPi7K6Hyo1e+42eGqtkN6Ruzr/WsKxclHydVL2tACbjcvds3Dun8Fe6NSChhJ/1ZO38fizH6iFMa3/agn5yn8iH8pNsFGtslb/1roT5ckmXquM6nbztFZ4EvDN1Lk/x5IyLjP5UdeJt2unu3iVm0F/zk96KOdaPQ29unzuxrK/8mZ0DdNUHIXAvEYLvwv0p06d8ulfNBNqG3pfBAQzwou3E5AYQMpLlt7G48ukN2Oj927Igo2vWlMj7S0mNU+XhPTyoxbc1Ue1avMYvfjVi6RRrZzWIuZJq2RmsTPb19yVw90481ZwCmQ5fHnPX7jT6vkrb2bnMF8FAGU/0bowrSf0YzKk9i+3d710qWOjLXC3CVZejvZW6NKrP/U40Or3nk7A3OXdl7x5G0aS3JvZGJm71H051GNLiTebKaPztFa4QJfZSD9Rn/6qlYuhhjb0YUSoBXotjA6iQE6a6rChvITnq6Yl0PiqMdQTGNXhlFoWd+mpF32lkKH2la0+3vd0iuLrxtFoXZnt21oCpbsNjrJujAgn6nx5uiBn1gzB1/KHYpxKkn9PSPyFr/a16jnQ0xhRXh51J2y709Tq9R21gwE9T1PuMCOIi+dKzzreCJX+RC+PevOlu3K6GyvuTkhC7WXKXR0YOWnRQutdT/jazkbeV39/JVzmFQEF+jAiHAV6o5jt2GYW/VBN3ur4Qy2waOHP8usJj1raQU9Ct97HfbTq0+ylTiPl0ErbaBnMaKj1FjSl0KNXt2Y09HqLvt5FQSNl9aX84bLYhctY9bVO1MKsO+WGuv+504a7m9P0xqVSEHV3gdDsfO3ujorSPa7RTVsg+qMnZYGeRl09js140lGmEaq+7S7vWnOdp5MKdT/0xmY+GGM8nOY0Lfwu0E+fPl36+uuvfc5YNCIa45FHHpEeffRRp3+ff/55QNP2pqP6s1P7e4AEc+EO98HtK54Eb3daKXcLmJH0/F0Od18jDmSf0aoH9QJstNze1o9a8PHmfkSoBV9/E8r+50+MCOnqTZynEyK9Da9efMp+a8T/urs+5a7O3c0zIl31aZ6R00J3mxsz6NWZO0Hb23Hmrl1CqaH3tm3dhfemfbQ2mXVljPtCQC7FTp8+XfO3nJwc6ZVXXvEuh1FEKDX03kwwZidod/hroBnRQhHf8LRwYzJ8NpsJ1EbPG09OZjYlRjAbj7dCgCctl1Zeonmc+GszE+g69FbY0bKpV5bRXxtKPYHMjNDuLj3lO958hMiIUsIMRhQcRsvmLaHua95uKvxVJ3qbTE/UdS1+UAV6d7+R0Ar0ZgaTuwnaW7MJTwPN10FSVzWPgcCskDdj4wxZoBd+qz1NuHrtYkQY9aVMRlD3ZbW7VH/mydOmwsgXld3Fr0ddHxf+mte8IdR1qhaytMzdjH4kx5vNuBmB2YxW1ehmwdd0jb7nbT35E182aEbyaHQeDvT6rYe3Tir8WTd6hHL8U6APIyLZhl5gdufsjfbHmzi81SAQc55vBOoJ1uxiN2Oj976N4/4eJ3/Rzx8LiPqSrr89Gijr1cjGJhCLRF3XyIdicQ12nXoSxrSUK0YENU91Z0a77m0Z3KUTirndTH8yo8E3ilYc/s6jkbnHH+u3Gfy1oVHjzebUrAIsEFCgDyPqgkAv8PeRopZLNjVaAy/U2rJIxOgE5Y3m3qw2TMvnr7otlR8qEYK3PwRgtUDkb8HBWw29L2kHcpEJ501BOOfNX+gJNeLDU3oXED2NEU/aaH/WrZHNgbuv24bzvSlPGy5/nGL4Gt7oRXyzBGocutvQ6H2N1khelG0Tqs2KGSjQhxF1SaB3h7sBov7Nk7bY0wITDQt6qDA6kfky4SmFar1FRynsWydbPfqv1yIUfcfXjZI3BHLRCacFLRLxtb2FQKb1pWN3l0qV4Y3irbbSmzJ4I2Qp31EL+uEw5xvJg9F8Bnp8+epK1RuC0TYiDeV3UpQYqU9v8hkO/U1AgT6MiBaB3t2Aciewq/82ehzoiXAakJGEvzX5Wu+YsfU1k14ohFK9NI1oKwMhMJmF48c3lJpms3WoFuDdaV21hH1PWlpBKLWV4SIAG8FTHryx/Q70+PLXx870UOY/mG3jzu1pXZ2vAiLQ33PPPdJDDz3k8i8nJ0f3t4ceekh6+OGHfS5QJBMpl2LNhDf6rjdHuv5YCJXxUMPoG/6sR3+1rVFCMcmb2QD5Ui91eSFTE8zTD1/xh2LCqECuF9adRt/bfIS6fiMhD+4+AhdsAl1f3pivhAuRkk81ARHozf7LycnxuUCRTKS4rTQT3pc8efNxCTNE6uANNp7qyegxs1FNoDgyNeKSzt9opRcO/cQX4c9fYzYc6sETZk4/Qkmo69SbDUGg8xEpGzFf8NY7S6DhCZ4z4tRCfBE2UvC7QH/q1Cmf/kUzkfJhKTPhzeYplF/BI854Iwzp9Q9vNIFK285gC2Ja6YWLMBhKs5tIGZN6JluRJlz4c2PpTwWIN6cB3qQZTDO0cMXX8ph5P1zmtnBB6WghkurE7wI9MU+02NB7whuzGxI8zJhDqSdDs8JAKDX0esJhOBOo+gq2KZSvRLqg4s+NpbrtzPYR5abck921t3n1xQwt3NvYaH37Wh4z74fLOhtO+QiHEytvoUAfRlCgryUSJuhwmXhChSeNmZgMI0kI1iOY/dFf/SpQeY60fh9p+VXjbw298nTFbB+ZsXGG4W8yBKL+1XFGShsbre9QaOjDhUhY+8MZCvRhBAX6WiJhQor2iced1lpZN/7woBDq/hDM9MPBzj3U9e0P6kIZAoG/Tr1CWb+ROvcGy0w1kvt9pOc/1FCgDyMo0PtGMCcDTjy1aC2uyrrxh4/jcFjAg9Xe4dCvwqG+faUulMEbzPSbcOhrZojUfAeDaOv3oSCc+x8F+jCCAr1vcDILPp4mN39MfuEwgUZT34pU+1El4dBngom7OyuRbntOjBNt/d4XfL1D4m7chKodKNCHEdEu0Eez7SAxRzRpzoMJhb3IQq9/errrEk19mhAlvtwh8TRuQjV/UqAPI6JdoKcQUXcxKjx4K2SwzwQGCnt1A7ajK6wTIkmB7QeRoKG3SJIkgQQMu92O4cOHY8GCBUhMTAx1doLOzE0zUbCuAHl98zAmc0zYxUe8Q1n/BesKUHihECmNU3Bo/CHdd1KnpxoKp5UG25gQ4glv55i6CufOuoc3MiQF+gAjGqNNmzawWq1Ov2VlZSErKytEOYtMOHGHFmX9C6He0+LBRYYQEkg4x9TC9bHu4XeBftWqVT5lqH///j69H8lEu4be33DiDi2RVP+RlFdCggHHRN2G7Vv38LtAn5OTA4vF4nVGJEmCxWLBkiVLvH63rkCBnpDQQG0VIc5wTAQfCtnEF7yRIa1uf/0f9957r8u/fv36QZIkxMfHo2fPnsjOzkZ2djZ69uyJevXqQZIk3HTTTbj33nv9UihCCPGGvL55smkQIeHIzE0zkTo9FTM3zQxKehwTwUfcNSpYV2A6jmD3ExKZmLKhP378OCZMmIDrr78eo0ePRlJSktPvJSUlePvtt/HDDz/ghRdeQJs2bUxlzuFwYN68eVi9ejVKSkqQmpqKkSNHIiMjw+O7+/fvx/vvv49du3YBANLS0jBq1ChceeWVpsNu27YNEydO1Exv2rRp6Ny5s8tzaugJIYRoQY153ccfGnq9fkLtf93H7xp6Ne+99x4aNmyIxx9/3EWYB4CGDRti3LhxaNCgAd577z0zSQAApk+fjsWLF6Nfv34YPXo0rFYrpkyZgh07drh9b//+/Xjqqadw8uRJ5Obm4t5778Xx48fx9NNP4+jRo6bDCrKzszFhwgSnf61atTJdTkJCCbU/hIQGaszrPmMyx+DQ+EM+Cdx6/cQf2n9Sd4g189K2bduQkZGBmJgY3TAxMTFIS0vDTz/9ZCpje/fuxZo1azBq1CgMGTIEQO3l2rFjx2L27NmYNm2a7rvz5s1DfHw8pk2bhkaNGgEAbrrpJowZMwZz5sxx0rJ7E1aQnp6OPn36mCoXIeGGclGgloeQ4DEmcwzHHPGIXj9RehojxJSGvrKyEufOnfMY7vz583A4HGaSwPr162G1WjFw4ED5WXx8PG699Vbs3r0bRUVFuu/u2LED11xzjSygA4DNZkN6ejo2btyIsrIyU2GV2O12VFdXmyobIeEEtYSEhA88Mas7BLot/aH9J3UHUwJ9amoqduzYgS1btuiG+fnnn7F9+3akpqaaytiBAwfQpk0bF5uhq666CgBw8OBB3XcdDgfq1avn8rxevXqoqqpCYWGhqbCCV155BcOHD8eQIUMwceJE7Nu3z2N57Ha7oX9mN0CEmIWLAiHhA80o6g5sSxJMTJnc3HPPPcjPz8ff//539OvXD7/5zW/QvHlzAEBRURHWrVuHb7/9FgBw9913m8pYcXExmjZt6vJcPDt79qzuu23btsWePXtQXV0tmwU5HA7s3bvX5V1vwsbGxqJ3797IzMxEo0aNcPjwYXz66afIy8vD888/j44dO+rmadSoUYbKnZubixEjRhgKSwghpG5BM4q6A9uSBBNTAn3Pnj3x6KOP4p133sHKlStdPjwlSRLi4uLw//7f/0PPnj1NZayyshJxcXEuz+Pj4+Xf9bjjjjvwxhtv4NVXX8XQoUMhSRIWLFggmwkp3/UmbJcuXdClSxf57549e6JPnz744x//iDlz5mDKlCm6eZo1a5YhLzdaZSaEEBId0K6+7sC2JMHElEAPALfffjuuu+46fPPNN9i5cyeKi4sB1NqfX3311fjtb3+Lli1bms5YfHy8pvmJELCFYK+Xt6KiInz66afyZqNTp04YMmQIFi5ciISEBFNhtWjdujV69eqFDRs2OGn51SQmJtJtJSGEEEJcoAtK4iumBXoAaNGiBX73u9/5Ky9O2Gw2TbMaoTlv1qyZ2/fvv/9+DBkyBIWFhWjQoAFSU1MxZ84cAHDxi+9NWC2Sk5NRVVWFiooKCu3EaziRE0JIdENvY8RXTF2KDQYdOnTAsWPHYLfbnZ7v2bNH/t0TDRs2RHp6unwxd8uWLUhOTkbbtm19Cqvm5MmTiI+P96jNJ0QLXpwihJDoht7GiK/4JNAfPnwYb7/9Nv785z9jzJgxmDVrlvzbrl27sHTpUly6dMlU3H369EFNTQ2++uor+ZnD4cCKFSuQlpYmX8ItLy/HkSNHcOHCBbfxrV27Fvv27UNOTg6sVvfF1gurlcbBgwfxww8/ICMjw2O8hGjBiZwQQqIbehsjvmLa5Gbx4sV47733ZF/sFosFFy9edArz73//G3Fxcbj99tu9jj8tLQ19+vTBnDlzcOHCBbRq1QqrVq3C6dOnMW7cODncvn37MHHiRCfvMNu3b8eHH36IjIwMJCUlYc+ePVixYgV69OiBnJwcp3S8Cfv8888jPj4enTt3RpMmTXD48GEsX74c9erVwwMPPOB1GQmhuQ0hhBBiHK6b2pgS6Ddu3Ih3330XLVu2xIMPPoirr74a9913n1OYLl26oFGjRvj+++9NCfQAMGHCBMydOxerV69GSUkJUlNT8cwzz6Br165u32vWrBmsVis++eQTlJWVoWXLlhg5ciQGDx7scmnVm7A9e/bEd999hyVLlsBut6Nx48a44YYbkJubi9atW5sqI4luaDcZPXARIoQQ3+G6qY0pgX7x4sVISEjA1KlTccUVV+iGu/LKK3Hs2DHTmYuPj8eDDz6IBx98UDdMt27d8Nlnnzk9a9WqFf7+978bSsObsDk5OS5ae0J8oa77KaYQexkuQoQQ4jt1fd00iymB/pdffkFaWppbYR4AGjVqhB07dpjKWF1jwoQJLjb2WVlZyMrKClGOSDhQ1/0UU4i9DBchQgjxnbq+bprFlEDvcDhQv359j+HOnz+v65c92njppZfo0pJEHRRiL8NFiBBCSKAwJdC3bNkSBw8edBvG4XDg0KFDtC0nJIqhEEsIIYQEHlN+Fnv27InTp09j8eLFumE++eQTXLx4Eb179zabNxJlzNw0E6nTUzFz08xQZ4UQQggJS7hWEi1MCfRDhw6FzWbDrFmz8Nxzz2HNmjUAak1s/vOf/+Cll17C/Pnz0bJlS9qIE8PwA0uEEEKIe7hWEi1MCfQNGzbEs88+i/bt22P9+vV48cUXAQCbN29GQUEBvv32W7Rt2xaTJ0+m3TgxDD+wRAghhLiHayXRwiJJkmT25ZqaGvzwww/46aefcPr0adTU1CA5ORnXXnstevfuzQuxAOx2O4YPH44FCxZwc0MIIYTUMeielwQKb2RI01+KBQCr1YpevXqhV69evkRDCCGEEBKR0D0vCQdMmdxs374dO3fu9Bju2LFj2L59u5kkCCGEEELCnkCbwPASLDGCKZObnJwcWCwW/PrXv8af/vQnJCQkaIabPn06Vq9ejSVLlvic0UhFHJe0adOGH5YihBBCiFekTk9F4YVCpDROwaHxh0KdHRJEgmJyY7FY8MMPP+DJJ5/EX//6V7Ro0cJsVFEBPyxFCCGEEG/hB/qIEUyZ3ABAv379kJ2djcLCQjzxxBM0rSGEEEII8TNjMsfg0PhDtM8nbjEt0FutVowePRqPPfYYSkpK8Ne//hVfffWVP/NGCCGEEEJU0K6eqDEt0AsGDBiAZ599Fg0aNMCMGTPw5ptvoqamxh95I4QQQoiXUNir+/DjUkSNzwI9AKSnp+Oll15C+/btsWzZMvztb39DSUmJP6ImIYCLQXTAdiakbkJhr+7Dj0sRNX4R6AGgRYsWmDZtGnr27Imff/4ZEyZMwMmTJ/0VPQkiXAyiA7YzIXUTCnt1H9rVEzV+E+gBICEhARMnTsSwYcNw8uRJ7Nq1y5/RkyDBxSA6YDsTUjehsEdI9GFKoO/fvz+uvvpq3d9HjhyJJ598Ei1atEDz5s1NZ44EH37COnrgok8IIYQYI9zNVE19WIoYJ9I+LMUPWBBCCCGEOBMK+SgoH5Yi3hEpH5biBywIIYQQQpwJd/nIkEAvPhp11VVXIT4+3uuPSHXt2tX7nJGQMCZzDE0wCCERD80HCSH+JNzlI0MC/cSJE2GxWPDGG2+gTZs28t9GWbJkiekMEkIIId6i9OIUzotwXYKbKEJChyGB/uabb4bFYpFNRsTfhBBCSDgS7sfjdRFuoggJHYYE+v/7v/9z+zchhBASToT78XhdY+ammbhUcQm2+jZuoggJAX71Q08IIYSQ6KNgXQGKy4uRFJ/EjRQhIYACPSGEEEJ8gh+qIyS0GDK5WbVqlU+J9O/f36f3CSHEX/DiHiH+hyZOhIQWQwL99OnTTV2ClSQJFouFAj2ACRMmRMSHpQipy8zcNBNjl41FtVTNi3uEEELqDIYE+nvvvZdebXwkUj4sRUhdpmBdAaqlasRYYmgaQAghxBCRcLJrSKAfMWJEoPNBCCEBR+nKMFwnZeI/ImERJoSEP5HgktWQQB8qHA4H5s2bh9WrV6OkpASpqakYOXIkMjIyPL67f/9+vP/++9i1axcAIC0tDaNGjcKVV17pU1hf8kQICS20840uImERJoSEP5HwXYuw9nIzffp0LF68GP369cPo0aNhtVoxZcoU7Nixw+17+/fvx1NPPYWTJ08iNzcX9957L44fP46nn34aR48eNR3WlzwRQggJLvS8QgjxB2Myx+DQ+ENhrRiwSJIkmX359OnT2LhxI44fP46ysjJoRWWxWDBu3Div4967dy+eeOIJjBo1CkOGDAEAVFZWYuzYsWjcuDGmTZum++6UKVOwe/duvPnmm2jUqBEAoLi4GGPGjMG1116LiRMnmgprJk92ux3Dhw/HggULaENPCCGEEEIM4Y0Madrk5oMPPsCCBQuchHjx/+ICrfByY0agX79+PaxWKwYOHCg/i4+Px6233oo5c+agqKgIzZs313x3x44d6NGjhyygA4DNZkN6ejo2btyIsrIy1K9f3+uwvuSJEEIIIYSQQGDK5Gbt2rX44IMPkJycjMceewzXXnstgFpt96OPPoquXbtCkiTceeedePbZZ01l7MCBA2jTpo3LjuSqq64CABw8eFD3XYfDgXr16rk8r1evHqqqqlBYWGgqrC95IoQQQgghJBCY0tB/8cUXiI2NxT/+8Q+0aNECO3fuBAD5Yujtt9+OxYsXY/bs2ejVq5epjBUXF6Np06Yuz8Wzs2fP6r7btm1b7NmzB9XV1YiJiQFQK7jv3bvX5V1vwvqSJ7vdrvubkri4OMTFxRkKSwghhBBCiCmB/tChQ+jSpQtatGgBwNXEBgAGDx6Mb775BgsXLsSUKVO8TqOyslJTsI2Pj5d/1+OOO+7AG2+8gVdffRVDhw6FJElYsGABzp075/KuN2F9ydOoUaPcFVcmNzeXbkIJIYQQQohhTAn0DocDTZo0kf8WQm5paSkaNmwoP+/QoQM2b95sKmPx8fFwOBwuz4XQLIRoLW6//XYUFRXh008/xapVqwAAnTp1wpAhQ7Bw4UIkJCSYCutLnmbNmmXoUiy184QQQgghxBtMCfQ2mw0XLlyQ/27WrBkAoLCwEOnp6fLzM2fOoKamxlTGbDabpgmL0JyLNPW4//77MWTIEBQWFqJBgwZITU3FnDlzAABt2rQxFdaXPCUmJtLLDSGEEEII8TumLsWmpKTg2LFj8t/dunWDJEmYP38+ysvLAdRenN25cyfat29vKmMdOnTAsWPHXGzP9+zZI//uiYYNGyI9PR2pqakAgC1btiA5ORlt27Y1FdYfeSKEEEIIIcSfmBLor7/+epw9exY///wzAODqq69Gt27dsG3bNtkG/IUXXoDFYsHw4cNNZaxPnz6oqanBV199JT9zOBxYsWIF0tLSZPeQ5eXlOHLkiNOJgRZr167Fvn37kJOTA6vVfbH1whrNEyGEEEIIIcHClMnNzTffjKuvvhqNGzeWn02aNAmzZs3Cf//7X5SUlKBdu3a4++67cd1115nKWFpaGvr06YM5c+bgwoULaNWqFVatWoXTp087+bXft28fJk6c6HSZdPv27fjwww+RkZGBpKQk7NmzBytWrECPHj2Qk5PjlI43YY3miRBCCCGEkGBhSqCPi4tzMVtJTEzEY489hscee8wvGQOACRMmYO7cuVi9ejVKSkqQmpqKZ555Bl27dnX7XrNmzWC1WvHJJ5+grKwMLVu2xMiRIzF48GDZNaWZsL7kiRBCCCGEkEBgkZSfeiV+x5vP9hJCCCGEEAJ4J0OasqEnhBBCCCGEhAemTG6AWheVn376KbZv345z586hqqpKN+ySJUvMJlNnmDBhgstl3KysLGRlZYUoR4QQQgghpC5gSqDftm0bJk+eDIfDAYvFgoYNGzp9gIm48tJLL9HkhhBCCCGE+B1TAv3s2bPhcDgwbNgwDBkyhIIqIYQQQgghIcKUQH/o0CGkpaVh5MiR/s4PIYQQQgghxAtMXYpNSkpCixYt/J0XQgghhBBCNJm5aSZSp6di5qaZoc5K2GFKoM/MzMSePXtQXV3t7/wQQgghhBDiQsG6AhReKETBuoJQZyXsMCXQ33fffbBYLHj11VdRWlrq7zwRQgghhBDiRF7fPKQ0TkFe37xQZyXsMGVD37hxY7z44ot4+umn8dBDD+FXv/oVbDabi1tGALBYLBg3bpzPGSWEEEIIIdHLmMwxGJM5JtTZCEtMCfR2ux3PPfccjh49CkmS8PPPP+uGpUBPCCGEEEJI4DAl0L/77rvYtm0bUlJScNttt+GKK66gH3oP8MNShBBCSN1i5qaZKFhXgLy+edQck5BiSqD//vvvkZycjGnTplGQNwg/LEUIIYTULZSXNCnQk1Bi6lJsRUUF0tLSKMwTQgghJGoJ5SVNunAkSkwJ9FdeeSXOnTvn77wQQgghhEQMYzLH4ND4QyHRztOFI1FiSqC/9957sXv3bvz444/+zg8hhBBCCPEAXTgSJaZs6GNjY5GVlYWpU6eiX79+yMjIQLNmzWCxWDTDd+3a1adMEkIIIYSQy9CFI1FiSqCfOHEiLBYLJEnC6tWr8e2337oNv2TJEjPJEEIIIYQQQjxgSqC/+eabdbXxhPhCKF2A0f0YIcQfcC4hhAQbiyRJUqgzUZex2+0YPnw42rRpQz/0BkidnorCC4VIaZyCQ+MPRU3ahJC6A+eS6IAbNxJohAy5YMECj67PTWnoH3/8cbRq1Qp5ebyIYRT6oTdGXt88eYKMprQJIXUHziXRAX3Qk3DClJebY8eOISYmxt95ISSkLsBCmTYhpO7AuSQ6iFYvM/R/H56YEuhbt26NS5cu+TsvhIQMTlCEEEK8IVo3bvR/H56YEuhvvfVWbN++HUeOHPF3fggJCZygCCGEEM/k9c2DLcGGS5WXqAQLI0wJ9NnZ2bjlllswceJELF68GMePH4fD4fB33ggJGtF6dEoIqTvwpJEEgzGZY5BULwnFZcVUgoURprzc3HnnnQAASZIMua+MZj/03txQJoQQQsxC7zokWNDDT3AIuJeb5ORkUxkjhBASGrgA133oXYcEC36lNvygH/oAQw09IdpQwAwu1N4SQkhkEXANPfGeCRMm8MNShCigD+fgQu0tIYTUXfwm0JeUlAAAGjZs6K8o6xT8sBQhzlDADC48IieEkLqLTwL9pk2bsHTpUuzatQuVlZUAgPj4eFx99dXIzs5GZmamXzJJCAkMoTR7oYBJCCGE+AdTbisB4O2338bUqVOxZcsWVFRUoH79+khMTERFRQV++uknTJ06Fe+8844/80qCBF2fRQ/0v08IIYREPqY09GvXrsVnn32Gxo0bY/jw4bj55pvRoEEDALUG/KtXr8aCBQvw2WefIS0tDb/5zW9MZc7hcGDevHlYvXo1SkpKkJqaipEjRyIjI8Pju/v378f777+PXbt2AQDS0tIwatQoXHnllS5hjx8/jrlz52Lnzp24dOkSmjdvjn79+uGuu+5CQkKCHG7btm2YOHGiZnrTpk1D586dTZUz3KBtc/RAsxdCCCEk8jEl0H/xxReIi4tDQUEB2rRp4/RbYmIisrKycO2112LcuHFYtmyZaYF++vTpWL9+PXJyctC6dWusXLkSU6ZMQX5+PtLT03Xf279/P5566ikkJycjNzcXkiThiy++wNNPP40XX3wRbdu2lcMWFRVhwoQJaNCgAbKyspCUlITdu3dj/vz5+OWXX/CXv/zFJf7s7Gz86le/cnrWqlUrU2UMRyjkRQ80eyGEEEIiH1MC/aFDh9C9e3cXYV5JmzZt0L17d1lD7i179+7FmjVrMGrUKAwZMgQA0L9/f4wdOxazZ8/GtGnTdN+dN28e4uPjMW3aNDRq1AgAcNNNN2HMmDGYM2eOk5Z99erVKC0txXPPPYeUlBQAwMCBAyFJElatWoWSkhKXi77p6eno06ePqXJFAhTyCCGEEEIiB1M29A6Hw8kURY+EhAQ4HA4zSWD9+vWwWq0YOHCg/Cw+Ph633nordu/ejaKiIt13d+zYgWuuuUYW5gHAZrMhPT0dGzduRFlZmfzcbrcDAJo0aeIUR9OmTWG1WhEbq73nsdvtqK6uNlM0QgghhPgJ3vsixKRA36pVK2zfvh3l5eW6YcrLy7F9+3bTpigHDhxAmzZtXFw9XnXVVQCAgwcP6r7rcDhQr149l+f16tVDVVUVCgsL5WfdunUDAPzrX//CgQMHUFRUhLVr1+LLL7/EoEGDNDcur7zyCoYPH44hQ4Zg4sSJ2Ldvn8fy2O12Q//MboAIIYSEDxQygwcv90cPHFf6mDK56du3L+bPn4/8/Hw8+uijaN26tdPvJ06cwMyZM3Hx4kUMGjTIVMaKi4vRtGlTl+fi2dmzZ3Xfbdu2Lfbs2YPq6mrExMQAqBXy9+7d6/Luddddh5EjR2LhwoX4/vvv5efDhg3Dfffd5xRvbGwsevfujczMTDRq1AiHDx/Gp59+iry8PDz//PPo2LGjbp5GjRploNRAbm4uRowYYSgsISSy4Ndxowc6FwgevPcVPXBc6WNKoL/rrrvw/fff4+eff8Yf/vAHdOzYES1atABQe8l0//79qKmpQadOnTB48GBTGausrERcXJzL8/j4ePl3Pe644w688cYbePXVVzF06FBIkoQFCxbg3Llzmu+2aNECXbt2Re/evZGUlIRNmzbho48+QtOmTZ02JF26dEGXLl3kv3v27Ik+ffrgj3/8I+bMmYMpU6bo5mnWrFmGPiylVWZCSN2Ai1H0QCEzeITy3teIRSOwcMdCDEsfhvlD54ckD9EEx5U+pgT6evXq4R//+AfmzJmDb775Bvv27XMyOxG27vfff7+m6YsR4uPjNc1PlB+w0uP2229HUVERPv30U6xatQoA0KlTJwwZMgQLFy50MqNZs2YNXnvtNbz55ptITk4GAPTu3Rs1NTWYPXs2brzxRidbfDWtW7dGr169sGHDBqcTATWJiYn8UizRhFrb6IGLUfRA5wLRwcIdC1EtVWPhjoUU6IMAx5U+pr8UW79+fTzyyCN44IEH8Msvv6C4uBhA7eXTjh07Gro06w6bzaZpViO07M2aNXP7/v33348hQ4agsLAQDRo0QGpqKubMmQMATt55li1bho4dO8rCvKBnz55YuXIlDhw4gGuvvdZtWsnJyaiqqkJFRQWF9ggllEI1tbbRAxcjQuoWw9KHyRp6QkKJ6S/FChISEpCeno7f/OY3+M1vfoP09HSfhXkA6NChA44dOyZ7oRHs2bNH/t0TDRs2RHp6OlJTUwEAW7ZsQXJyspMf+vPnz6Ompsbl3aqqKgAw5Mnm5MmTiI+P90u5SWgI5aWqvL55SGmcElVaW15sCi6sb0ICw/yh81H1TBW18yTk+CzQB4o+ffqgpqYGX331lfzM4XBgxYoVSEtLQ/PmzQHUetM5cuQILly44Da+tWvXYt++fcjJyYHVernYrVu3xi+//IJjx445hV+zZg2sVqu8GQCgmcbBgwfxww8/ICMjwyleElmEUqgekzkGh8YfiirNLb1SBBfWNyGBgZtlEi4YMrn54IMPfEokNzfX63fS0tLQp08fzJkzBxcuXECrVq2watUqnD59GuPGjZPD7du3DxMnTnTyDrN9+3Z8+OGHyMjIQFJSEvbs2YMVK1agR48eyMnJcUpnyJAh+PHHH5GXlyd/KXbjxo348ccfcdtttzmZ9jz//POIj49H586d0aRJExw+fBjLly9HvXr18MADD5isHRIO0BQiuNCWPLiwvgkJDDSZJOGCYYHeYrFAkiTDEVssFvn/zQj0ADBhwgTMnTsXq1evRklJCVJTU/HMM8+ga9eubt9r1qwZrFYrPvnkE5SVlaFly5YYOXIkBg8e7HJptWvXrpg2bRrmz5+PZcuW4dKlS2jZsiXuu+8+DB061Clsz5498d1332HJkiWw2+1o3LgxbrjhBuTm5rq47iSE6MMNVHBhfRMSGLhZJuGCRTIgpX/88cdeRXr27Fl88803qKyshMViwZIlS0xnMNKx2+0YPnw4FixYwAuzJKygdx1CCCEkfPFGhjSkob/77rsNJXzu3Dl89NFH+Prrr+FwOJCYmOhi4hKtTJgwwcXGPisrC1lZWSHKEYl2eFRMCCGE1A1Mu61UcuHCBXz88cf48ssv4XA4kJCQgLvuuguDBw9Gw4YN/ZFExPPSSy9RQ0/CCh4VE0IIIXUDnwT6ixcvYtGiRfjyyy9RXl6OhIQEDB06FHfddReSkpL8lUdCSACgXTWpy9CkjBASTZjys1hSUoI5c+bg4Ycfxqeffgqg1lvMO++8g/vvv5/CPCGEkJBCV53Bhe4bowe2dXjilUBfWlqKuXPn4uGHH8bHH38MSZIwePBgvP322/j973+PRo0aBSqfJArgJEEI8RfR+MG2UMINVPTAtg5PDJnc2O12LF68GEuXLoXdbkd8fDzuvPNODB06FE2aNAlwFkm0wEuahBB/QZOy4MI7OdED2zo8MSTQP/jggygrK0NcXByys7Nx9913o2nTpoHOG4kyOEkQQkhkwg1U9MC2Dk8Ma+gtFgscDgeWLVuGZcuWeZWIsLMnxB2hnCR4gY7UZaK1f4ey3NFa54SQ0GDYhl6SJEiShOrqaq//kcgiGm3ZQ2kTGI31TYJLtNq8hrLc0VrnhJDQYEhDv3Tp0kDno84TSR+WikZb9lCa+0RjfZPgEq3mbKEsd7TWeajgiQiJdiySJEmhzkRdxpvP9oYLnBiDC+ubEEJ8I3V6KgovFCKlcQoOjT8U6uwQ4he8kSFN+aEndZsxmWNwaPwhCpeEEEIiAropJdEOBXpCQgxtbQkhxDeoiCLRDgV6QkIMNUuEkLoAL/iTQMM+pg8FekJCDDVLhNQtolXoCNVpY7TWdzTCE219KNATEmK4GEUPbOvoIFqFjlCdNkZrfUcjPNHWhwI9ISGGi1H0wLaODih0BBfWd/TAE219KNATEmK4GEUPbOvoIFqFjkkrJ6HwQiEmrZwU1HSjtb4JUUI/9AFG+BBt06ZNxHxYihBCCPGWZs83Q3FZMWz1bTj757Ohzg4hEY83fugNfSmW+M5LL70UMR+WIoQQQrwlv38+v45LSIigyQ0hJKrgxVRCAgNNXwgJHRToCSFRRajsfAkhhJBAQYGekCgmKrXVFtV/CSGEkAiHAj0hUUw0ulHM75+PlMYpyO+fH+qsEEIIIX6BAj0hUUw0ulGknS8hhEQmIxaNQOzfYzFi0YhQZyXsoEBPXIhKM4woJRqFW/bv6IFtTUjdYuGOhaiWqrFwx8JQZyXsoEBPXAilGQYXYBJootHMKFqJxrbmHErqMsPShyHGEoNh6cNCnZWwgwJ9kJgwYQL+8Ic/OP374osvQp0tTUJphhGNCzAJLtFoZhStRGNbcw4lwSBUG8f5Q+ej6pkqzB86P6jpRgL8UmyA8eYrX6R2khAfJokmMxBCCPEHnENJMEidnorCC4VIaZyCQ+MPhTo7dRZ+KZZELGMyx3ARIoQQk3AOJcEgr28evwocZoS1QO9wODBv3jysXr0aJSUlSE1NxciRI5GRkeHx3f379+P999/Hrl27AABpaWkYNWoUrrzySpewx48fx9y5c7Fz505cunQJzZs3R79+/XDXXXchISHBb3kiJNwIlTYvGrWI0VhmQkjdhBvH8COsbeinT5+OxYsXo1+/fhg9ejSsViumTJmCHTt2uH1v//79eOqpp3Dy5Enk5ubi3nvvxfHjx/H000/j6NGjTmGLioowYcIE7NmzB1lZWRg9ejQ6d+6M+fPn44UXXvBbnggJR0JlbxuNX2sVdT122VheWCSEEOJXwlag37t3L9asWYP7778fDz74IAYOHIj8/Hy0aNECs2fPdvvuvHnzEB8fj2nTpuGuu+7CkCFDMG3aNEiShDlz5jiFXb16NUpLS/HMM8/gnnvuwcCBAzF+/Hj0798f33//PUpKSvySJxLeRKtniJBdGozCr7Xm9c1DjCUG1VI1LyzWcaJ1PgklrHMS7YStQL9+/XpYrVYMHDhQfhYfH49bb70Vu3fvRlFRke67O3bswDXXXINGjRrJz2w2G9LT07Fx40aUlZXJz+12OwCgSZMmTnE0bdoUVqsVsbGXrZJ8yRMJb6LVM0So/NBH49dax2SOwWt3vBZ1XleiEbr+DT7ROocTIghbgf7AgQNo06aNy63eq666CgBw8OBB3XcdDgfq1avn8rxevXqoqqpCYWGh/Kxbt24AgH/96184cOAAioqKsHbtWnz55ZcYNGiQkw29L3mKJKJxQYhG93ahJBo/aAVEb7mjDbr+DT6cw0m0E7aXYouLi9G0aVOX5+LZ2bNndd9t27Yt9uzZg+rqasTExACoFfL37t3r8u51112HkSNHYuHChfj+++/l58OGDcN9993ntzyJkwBPxMXFIS4uzlDYQKFcEKLloiQv+BBC/EUo55No9T7COZxEO2Er0FdWVmoKtvHx8fLvetxxxx1444038Oqrr2Lo0KGQJAkLFizAuXPnNN9t0aIFunbtit69eyMpKQmbNm3CRx99hKZNm2LQoEF+ydOoUaPclPYyubm5GDFihKGwgSJUC0KoNhKEkLpHtHoVomBLAk20jq1wJ2wF+vj4eDgcDpfnQmgWQrQWt99+O4qKivDpp59i1apVAIBOnTphyJAhWLhwoZMZzZo1a/Daa6/hzTffRHJyMgCgd+/eqKmpwezZs3HjjTfKtvi+5GnWrFmGPiwVau08ELoFIVo1SyS4cDGKDqggICQwcGyFJ2FrQ2+z2WSNuhLxrFmzZm7fv//++/H++++joKAA//rXv/Dyyy9DfBS3TZs2crhly5ahY8eOsjAv6NmzJyoqKnDgwAG/5CkxMdHQv3AQ6EMF7YtJMIhWG+NogzbVhAQGjq3wJGw19B06dMDWrVtht9udNNt79uyRf/dEw4YNkZ6eLv+9ZcsWJCcno23btvKz8+fPo2HDhi7vVlVVAQCqq6v9midCSGjhSVB0QNMTQgIDx1Z4ErYa+j59+qCmpgZfffWV/MzhcGDFihVIS0tD8+bNAQDl5eU4cuQILly44Da+tWvXYt++fcjJyYHVernYrVu3xi+//IJjx445hV+zZg2sVitSU1O9zhMhJHzhSRCpy0Sjl7JoLDMhasJWQ5+WloY+ffpgzpw5uHDhAlq1aoVVq1bh9OnTGDdunBxu3759mDhxotNl0u3bt+PDDz9ERkYGkpKSsGfPHqxYsQI9evRATk6OUzpDhgzBjz/+iLy8PGRlZSEpKQkbN27Ejz/+iNtuu83JjMZongghhJBQEI32zdFYZkLUhK1ADwATJkzA3LlzsXr1apSUlCA1NRXPPPMMunbt6va9Zs2awWq14pNPPkFZWRlatmyJkSNHYvDgwbIbS0HXrl0xbdo0zJ8/H8uWLcOlS5fQsmVL3HfffRg6dKjf8kQIIaGCF4Gjh2g0KYvGMhOixiKJm6IkINjtdgwfPhwLFiww5OUm2qHgQYj/afZ8MxSXFcNW34azf9b/XgYhhJDwwRsZMmxt6El0Qg8khAQASfVfQgghdYqwNrmpS0yYMMHpMi4AZGVlISsrK0Q5Ck94dBo8eBoSPeTfks9xRQghdRia3AQYmtyQcCV1eioKLxQipXEKDo0/FOrsEEIIIUQBTW4IIR7hx0EIIYSQugFNbgiJUvhxEEIIIaRuQA09IYQQQgghEQwFekIIIYQQQiIYCvSEkKDDT7UTQggh/oMCPSEk6PB7A4QQQoj/oEBPCAk69LBDCCGE+A96uQkS/LAUIZehhx1CCCHEf1CgDxIvvfQSPyxFCCGEEEL8Dk1uCCGEEEIIiWAo0BNCSBCgZx9CCCGBggI9IYQEAXr2IYQQEigo0BNCSBCgZx9CCCGBgpdiCSEkCNCzDyGEkEBBDT0hhBBCCCERDAV6QgghhBBCIhia3AQJfliKEEIIIYQEAgr0QYIfliKEEEIIIYGAJjeEEEJIHYHfOyAkOqFATwghhNQR+L0DQqITCvSEEEJIHYHfOyAkOqENPSGEEFJH4PcOCIlOqKGPYBwOB+bPnw+HwxHqrBAPsK0iC7ZX5MC2ihzYVpED2yryoEAfwTgcDnzwwQcccBEA2yqyYHtFDmyryIFtFTmwrSIPCvSEEEIIIYREMLShDxL8sBQhhBBCCAkEFOiDBD8sRQghhBBCAgFNboLIF198EeosGCYQeQ1U+SMpr4EgksofSXkNBNFer2yryKrXaG+vSIkzkPEGgmiv10DllQJ9EOGA44ALBJFU/kjKayCI9nplW0VWvUZ7e0VKnIGMNxBEe71SoCeEEEIIIYS4QIGeEEIIIYSQCIYCPSGEEEIIIREMvdwEGEmSAAB2ux01NTWw2+1+i1vE5c84Bf7Oa6DiDFS8bKvobSsgcO0V7fXKtoqceg1EvJwH2VZAdNert3GKcEKWdIdFMhKKmObMmTMYNWpUqLNBCCGEEEIikFmzZiE5OdltGAr0AaampgbFxcWoX78+LBZLqLNDCCGEEEIiAEmSUFZWBpvN5vJxUjUU6AkhhBBCCIlgeCmWEEIIIYSQCIYCPSGEEEIIIREMBXpCCCGEEEIiGLqtDAFlZWX45JNPsHfvXuzduxclJSV4/PHH8dvf/tYpXGFhIT744APs378f586dQ7169dC+fXsMGTIE119/vVPYvXv3YtWqVdi6dStOnz6NpKQkpKWl4b777kObNm3kcNu2bcPEiRM18zVt2jR07tzZ/wWOYALRVt6EdTgcmDdvHlavXo2SkhKkpqZi5MiRyMjICHjZI41QthXHlXcEoq3ULFiwAHPnzkX79u3x+uuvO/3GceUdoWwvji3vCERbedMGHFuhgwJ9CLh48SI+/PBDNG/eHB06dMC2bds0wxUVFaGsrAy33HILbDYbKioqsGHDBkydOhWPPfYYBg4cKIddtGgRdu3ahT59+iA1NRXnz5/H559/jvHjx+OFF15ASkqKU9zZ2dn41a9+5fSsVatW/i9shBOItvIm7PTp07F+/Xrk5OSgdevWWLlyJaZMmYL8/Hykp6cHvPyRRKjbCuC4Mkog2krJmTNn8NFHHyEhIUHzd44r7wh1ewEcW0YJZFsZaQOOrRAikaBTWVkpFRcXS5IkSXv37pUGDRokffPNN4beraqqkv74xz9KjzzyiNPznTt3SpWVlU7Pjh07Jt11113SCy+8ID/bunWrNGjQIGndunU+liI6CERbGQ27Z88eadCgQdKiRYvkZxUVFdLo0aOlP/3pT16WpO4TyrbiuPKOQLfVc889J02cOFHKy8uT/vCHPzj9xnHlPaFsL44t7whEWxltA46t0EIb+hAQFxeHpk2bmno3JiYGycnJKC0tdXrepUsXxMXFOT1r3bo12rdvjyNHjmjGZbfbUV1dbSof0UIg2spo2PXr18NqtTppSuLj43Hrrbdi9+7dKCoqMpWvukoo20oJx5VnAtlW27dvx/r16zF69GjN3zmuvCeU7aWEY8szgZ4H3bUBx1ZooclNBFBeXo6KigrY7XZ8//33+PHHH/Gb3/zG43uSJOH8+fNo3769y2+vvPIKysrKYLVakZ6ejlGjRrkcpRHv8aatPIU9cOAA2rRpg8TERKf3rrrqKgDAwYMH0bx588AVpo7jz7YScFwFBqP1X11djTfffBO33XYbUlNTNePiuAo8/mwvAcdWYPBmHvTUBhxboYUCfQTw73//G1999RUAwGq14oYbbsCYMWM8vvftt9/i7Nmz+N3vfic/i42NRe/evZGZmYlGjRrh8OHD+PTTT5GXl4fnn38eHTt2DFg5ogFv2spT2OLiYk1Ni3h29uxZf2c/qvBnW3FcBRajbfXVV1+hqKgIzz77rG5cHFeBx5/txbEVWIy0ldE24NgKLRToI4CcnBz06dMHxcXFWLt2LWpqauBwONy+c+TIEcycOROdO3dG//795eddunRBly5d5L979uyJPn364I9//CPmzJmDKVOmBKwc0YA3beUpbGVlpYsZFVB7hCl+J+bxZ1txXAUWI2118eJFzJs3D8OHD0fjxo114+K4Cjz+bC+OrcBipK2MtgHHVmihDX0E0K5dO1x77bXo378//va3v6GsrAxTp06FJEma4c+dO4e///3vSExMRF5eHmJiYtzG37p1a/Tq1Qtbt26lfaKPeNNWnsLGx8drCphiUhSTJDGHP9tKC44r/2Gk/ufOnYuGDRti0KBBbuPiuAo8/mwvLTi2/IeZuQ3QbgOOrdBCgT4C6dOnD/bt24djx465/FZaWorJkyejtLQUU6ZMQbNmzQzFmZycjKqqKlRUVPg7u1GNu7byFNZms+HcuXMu4cQzo21LjOFLW+nBcRUY1PV//PhxLF++HNnZ2SguLsapU6dw6tQpOBwOVFdX49SpU7h06RIAjqtQ4Et76cGxFRi8mQfVbcCxFVpochOBiN2u3W53eT516lQcO3YMzz77rOZlWD1OnjyJ+Ph4t36AiffotZWRsB06dMDWrVtht9udLhnt2bNH/p34D1/aSg+Oq8Cgrv+zZ8+ipqYGb731Ft566y2X8A8//DBycnIwevRojqsQ4Et76cGxFRi8mQfVbcCxFVoo0Icx58+fR5MmTZyeVVVVYdWqVYiPj0e7du3k59XV1Xj++eexe/du/OUvf9H9et6FCxdc7BUPHjyIH374Addddx2sVh7amMGbtjIatk+fPvj000/x1VdfYciQIQBqv8K3YsUKpKWl0VuASQLRVhxXgcFo/bdv317zS5Zz585FWVkZRo8eLX8Ah+MqcASivTi2AoM386DRNuDYCi0U6EPE559/jtLSUvnW9w8//CD//6BBg9CgQQO8/vrrsNvt6Nq1K2w2G86fP49vv/0WR48exUMPPYT69evL8b377rv4/vvvcf311+PSpUtYvXq1U3o333wzAOD5559HfHw8OnfujCZNmuDw4cNYvnw56tWrhwceeCBIpY8s/N1WRsOmpaWhT58+mDNnDi5cuIBWrVph1apVOH36NMaNGxf8iogAQtVWHFfe48+2aty4MW644QaXNJYuXQoATr9xXJkjVO3FseU9/p4HjbYBx1ZosUiebj6QgPDQQw/h9OnTmr+98847aNmyJdasWYNvvvkGhw4dwqVLl1C/fn106tQJgwYNQs+ePZ3eefrpp7F9+3bd9D777DMAtRPmd999hxMnTsBut6Nx48bo3r07cnNz0bp1a/8VsA7h77byJmxlZSXmzp2Lb7/9FiUlJUhNTcXIkSPRo0ePgJU3kglVW3FceY+/20qLp59+GhcvXsTrr7/u9JzjyntC1V4cW97j77bypg04tkIHBXpCCCGEEEIiGBqfEUIIIYQQEsFQoCeEEEIIISSCoUBPCCGEEEJIBEOBnhBCCCGEkAiGAj0hhBBCCCERDAV6QgghhBBCIhgK9IQQQgghhEQwFOgJIYQQQgiJYGJDnQFCSGSSnZ3tVfgWLVrg3//+t/xVY/HFwrpMeXk5fvrpJ2zcuBE7d+7E6dOnYbVa0apVK/Tu3RuDBw92+sS6O/7yl7/g559/BgDMmjULycnJTr9v27YNEydO1H0/LS0NL7zwgtOz+fPn44MPPvCY9j//+U907drV6VlFRQU++ugjrF27FkVFRUhKSkKPHj0wcuRINGvWTDeuFStWYNmyZThy5AhiY2ORlpaG4cOHo0uXLrrv7Ny5EwsXLsSePXtQVVWFdu3aYdCgQejfv7/HvCtRf0Fz1KhRGDJkiPy3Xn0kJCSgVatW6NOnD+68804kJCQA8FznWvTv3x//93//hxUrVuCVV16R/xaI50rq1auHBg0aoHXr1khLS8PNN9+MlJQUr9L1hCiLOj/hxpIlS/DOO+/If4t5hZBohwI9IcQUWsLUrl27cOLECXTo0AEdOnRw+q1Ro0bBylrY8N133+G1114DALRr1w7XX389ysrKsGvXLsyfPx9r1qzBP//5TzRp0sRtPCtWrMDPP/8Mi8UCTx/3btWqlaZw3KpVK5dnHTp00BWKi4uLsWXLFtSrVw8dO3Z0+q2yshKTJk3Cnj17YLPZ0LNnT5w+fRorVqzAxo0b8cILL+CKK65wifPtt9/G0qVLER8fj4yMDDgcDmzZsgU//fQT8vLycMMNN7i8s379ejz//POQJAnp6elo1KgRfv75Z7z88ss4ePAgHnroIbf1oYUos55QrOy/kiTh7Nmz2LlzJ+bOnYv//Oc/KCgoQEJCApo0aaJZfxs2bEB5eTl69Ojh0rZXX321oTwq27GqqgoXL17EgQMHsH37dixatAg33XQTHn30USQmJhotdp2gXbt2cp2vWrUqxLkhJHygQE8IMYWWFu/ll1/GiRMn0KtXL4wYMUL3vYqKCrda3LpCbGwsBgwYgDvvvBPt2rWTnxcXF2PKlCk4cOAA3n77bTz55JO6cVy4cAHvvvsuMjIycOzYMScNsxZdunQxrGG94YYbNIVoAJg9eza2bNmCG264weUUYcGCBdizZw86d+6Mv//97/Lvixcvxr///W+88sor+Oc//+n0zpYtW7B06VIkJSXhhRdeQOvWrQEAu3fvxtNPP41XXnkF3bp1Q8OGDeV3Ll26hFdffRU1NTV4+umn0bt3bwDAuXPn8NRTT2Hx4sW4/vrr0a1bN0PlFXiqH63+e/LkSTz55JP45Zdf8NVXX2Hw4MFo166dZlzbt29HeXk57r77bq/zJtBqR0mSsHHjRrz55pv49ttvcebMGUydOhWxsdGzlPfo0QM9evQAQIGeECW0oSeEBJUWLVqgXbt2USGE3HLLLRg7dqyTMA8ANpsNjz76KADgP//5DxwOh24cb7/9NioqKuTwwUCSJHz33XcAgJtvvtnpN4fDgS+++AIAMGbMGCdhf/DgwUhNTcX27duxf/9+p/cWL14MABg+fLgszANA586dcfvtt6O0tBTffPON0ztff/017HY7evbsKQvzANC0aVOMGjUKAPDpp5/6WFpjXHHFFRgwYACAWoE9FFgsFlx//fV48cUXYbPZsH37dixbtiwkeSGEhBd1f0UlhIQVejb02dnZaNGiBd566y189NFHWLVqFc6ePYsWLVpg6NCh+O1vfwsA+Pnnn7FgwQLs378fVqsV119/PR5++GFNk57q6mosX74cq1atwuHDh1FdXY02bdrglltuwaBBgxATExO0cqtJTU0FUCsgX7p0CTabzSXMjz/+iO+++w4jR47UNJkJFNu2bcOZM2fQtGlTXHPNNU6/7dq1C6WlpWjVqpWLKQ4A9OnTB4cOHcIPP/yATp06Aai1t9+6dav8u9Y7n332GX744Qfcdddd8vONGzfqvpOZmYn4+Hj8/PPPqKysRHx8vPkCG0SYz1RXVwc8LU/5+N3vfod//etf+Pzzz5GTk2P43cLCQrz//vvYvn07ampq0KFDBwwbNky3/oqLi7F69Wps3LgRJ06cwMWLF9GwYUN06dIFd999N6666io5rMPhwAMPPICKigq89957Tqctgl27duHPf/4z0tPTUVBQAODyBnLZsmU4ceIESktL0bhxY7Rp0wY33HADsrKyvKwhQqIPaugJIWHFc889h8WLFyMlJQXp6ek4deoUXnnlFaxYsQLr16/H3/72N1RXV6NHjx5ISEjA6tWrkZ+f72JbXlFRgWeeeQYzZszA8ePHkZaWhmuvvRbnzp3DO++8g3/+85+oqakJUSmBU6dOAag1y0lKSnL5vby8HG+88Qbatm3rdHHTEydOnMB7772H1157DXPmzMGmTZu8Lue3334LALjxxhtdNj0HDx4EAFx55ZWa7woh/9ChQ/KzY8eOweFwoHHjxi6XefXeUf6ttXGIi4tD+/btUVlZiWPHjnkskz/Yt28fALicuISCvn37wmq14sSJEzhz5oyhd/bt24cnn3wS33//PZKTk/HrX/8alZWVmDJlCtatW6f5zvfff4/Zs2fj/PnzSE1NRa9evWCz2fCf//wHTz31FDZv3iyHjYuLwy233ILKykr5hEfN8uXLAQADBw6Un82aNQsvvvgi9u/fj9TUVNxwww1o3bo1Dh06hE8++cRolRAS1VBDTwgJG06fPo369evjzTffROPGjQEAW7duxaRJk/D+++/D4XBg0qRJ+PWvfw0AsNvtePLJJ7Fz505s27YN3bt3l+N69913sXXrVvzmN7/BY489hgYNGsjvTJs2Dd9//z2WL1+O22+/PfgFBbB06VIAtTbBcXFxLr/PmzcPp0+fxj/+8Q/N3/XYtWsXdu3a5fQsNTUVTz/9tJOpix6VlZXYsGEDAFdzGwAoKioCAE3BXPlcaesv3tG7N5GQkIAGDRqgpKQEdrsdiYmJsNvtKC0t9ZjW/v37UVRU5HIJ21/U1NSguLgY3377Lb799ls0aNAAd9xxR0DS8obExES0bNkSJ06cwOHDh3XrSCBJEl5++WWUlZXh3nvvxe9+9zv5ty+++AIzZ87UfK9Lly547bXXXC4Qb968GVOnTsXMmTPx5ptvwmKxAKgV1JcsWYLly5e7aNbtdjvWrVuHhg0byiZUlZWV+Pzzz1G/fn28+uqrTpepq6ursXv3buOVQkgUQw09ISSsGD16tCzMA0D37t1x5ZVXori4GNddd50szAO1Qo2WXfP58+fx9ddfIzk5GY8//rgszIt3xo0bh9jY2JDZH2/atAnffPMNYmNjMXLkSJff9+/fj6VLl6J///6GL1UmJiZiyJAheOGFFzB//nzMnz8fzz77LNLS0nDo0CH89a9/lQVkd3z//fcoLS1F+/btNTXj5eXlAGpdKWohnpeVlcnPxP/rvQNAdgUpwirf13tPvGO323XjNcMHH3yA7OxsZGdn484778SoUaPw3nvv4ZprrtH14BMKhJmZkXbdtm0bjhw5giuuuAL33nuv029ZWVlIS0vTfC81NVXTG1CPHj3Qt29fnDhxAoWFhfLzNm3aoFu3bjh48CD27t3r9M53332HiooK3HzzzbKJj91uh8PhQKtWrVzqNSYmBunp6R7LRgihhp4QEkbExsa6+DsHai8kHjhwABkZGZq/AbW2voJt27ahqqoK1113naYw2LRpU7Ru3RqFhYWoqKhwK2j6myNHjuDFF1+EJEkYNWqUi2a5uroa//rXv9CgQQM8+OCDhuPt2LGjiwB+zTXXoGvXrpg0aRJ27NiBZcuW4Z577nEbjzC30dLORwtqt6vCZeSWLVswd+5cjB8/Xt5MRAo7duwAUHsfQevuyI033og9e/ZovutwOPDjjz9i7969uHjxonyJW5hEHT9+XL4TAgC33347tm7diq+//trJxl6Y24hNOFB7HyA5ORkHDhzA7NmzMXDgwLDZMBESSVCgJ4SEDU2aNNEUNoTwpGWyIbysKD3FCHOP5cuXy0KEHiUlJW4FeuE2Us1tt93mtfbw7NmzmDx5MkpKSjB48GDNy4xLly7FgQMHMG7cOKeTCrPExMRg6NCh2LFjBzZv3uxWoL948SI2b94Mq9WKm266STOMaIuKigrN38Vzpfcb8f967wCXNf8irPL9iooKTX/r4h1/+2LXclvpcDgwY8YMfPPNN4iPj8eECRP8mqYZLl68CACadzDUiA1v8+bNNX9v0aKF5vNDhw5h6tSpbt2lKk9TgNr6a9q0KdasWYOHHnoI9evXx/79+/HLL7+gc+fOLhr/8ePHY9q0aVi0aBEWLVqEFi1aoGvXrvjNb36DzMxMj2UjhFCgJ4SEEVareytAT78LxCXQK6+80klzqIUn95nl5eWa/q67devmlUB/6dIl/PWvf8Xp06fx29/+Vlf7/sMPP8BisWDlypUu6Z47dw4AUFBQgLi4ONx999247rrrPKYtbOfF+3qsXbsWVVVV6N69u65NthAI9S5iiudKAVG8c/bsWc13ysvLUVpaioYNG8rCeWJiIho0aIDS0lKcOXMG7du3101LT0j1J3FxcXj44YexYsUKfPfddxg9erQhQTpQ2O12nDx5EkDgLulKkoTnnnsOp0+fxu23347bb78dLVu2RP369WGxWDBnzhx89NFHLhfSY2Nj8dvf/hYfffQR1qxZgwEDBuDrr78G4KydF1xzzTV466238MMPP2Dz5s3Ytm0bVq1ahVWrVqF37954+umnA1I+QuoSFOgJIXUOIYxeffXVeOSRR3yKq2XLlvjss898iqOsrAyTJ0/GkSNHcMMNN2Ds2LHyJUItJEmSTSS0EKYRt9xyi6H0S0pKALi3YQeMmdsIU5QDBw5o/v7LL78AgNNGqk2bNoiLi8OFCxdw9uxZl5MWrXfE3zt27MAvv/ziItBXVVXh8OHDiI+PR5s2bdyWy18kJiaiUaNGuHDhAk6cOBFSgX7t2rWQJAlt2rQx9JE24RZVXFBWo6WBP3r0KI4ePYpOnTrhD3/4g8vvYkOhxcCBA7Fo0SJ8/fXX6NevH9asWYPExET07dtXM3xiYiJuuukm+WRo9+7deO6557BhwwZs2rSJmnpCPMBLsYSQOkf37t1htVrxww8/oKqqKqR5cTgcePbZZ7F371706NEDTz75pFv/9//85z/x2Wefaf4TWu9Zs2bhs88+k33ze0J4rdG65Co4efIkdu/ejfj4eKePOKnp0qULGjRogBMnTmgK9evXrwcAXH/99fKzevXqyR6ItNwjar0DQL4ALX5XsnHjRlRWVuKaa64Jig96oFYrLsxc1F/PDSbnz5/H/PnzAdR+v8EIV199NYDavqDlxnTt2rUuz8RGUOu0pqSkBFu2bNFNr0WLFujRowf27t2LuXPnorS0FP369TN896Bz587yxlJ56ZYQog0FekJInaNZs2a49dZbcfr0aUybNk3T1OT48eOagqI/qa6uxrRp07B161akp6fj6aef9soFpTcsWbLERfsqSRK+/PJLLFmyBBaLxa27xdWrVwOotX92Z5MeFxcnuyOcOXOmbMcO1H4N9tChQ+jatav8USnB4MGDAQALFizA8ePH5ee7d+/GV199hQYNGuDWW291eue2225DYmIivv/+e3lTAtQKtLNmzQIApw9RBRKHw4F33nkHkiShZcuWaNu2bVDSVSJJEjZt2oQnnngCxcXF6N69u5M/d3d069YNbdu2xYkTJ7BgwQKn37788ktN95CtWrWC1WrF1q1bndqssrISr7/+Oi5duuQ2TeESdsmSJQC0zW1Onz6NFStWOPUjkYb4GJknl5yEEJrcEELqKKNHj8apU6ewYcMGbN68GR06dEDz5s1RUVGBw4cP48SJE+jZs6fmV0j9xRdffIH//Oc/AGpdDM6YMUMz3IMPPujzBdilS5fi3XffRceOHdGyZUs4HA4cOnQIp06dgtVqxf/7f//PRchWIj4EZMS7zfDhw/Hzzz9j165deOSRR3D11VejqKgIe/bsQePGjfH444+7vHPttdciJycHS5cuxbhx43DttdeiqqoKW7ZsgSRJePzxx12+LJqUlIRx48bh+eefR0FBAbp164akpCRs2bIFpaWlGDx4sGG3nt7w3//+V/7wF3DZy01xcTHq1auHxx9/3K3JlDfo3QvZtWsXXn75ZQC15kWXLl3CL7/8Ip8Q3HzzzRgzZozhrx1brVaMHz8ef/nLXzB//nxs2LAB7du3x4kTJ7B//37ccccdLm5cmzRpgltvvRXLly/HH//4R3Tv3h316tXDjh07UFNTg1tuuQUrV67UTfO6665DcnIyzpw5g06dOmmeEJWUlOCVV17BzJkz0alTJyQnJ6O8vBy7d+/GhQsX0KlTJ7cnRoSQWijQE0LqJPXq1cPkyZPx3XffYeXKlTh48CD27duHRo0aoUWLFrj55ptx4403BjQPwmQBgCzYazFixAifBfrBgwfjp59+wuHDh3HkyBFUVVXBZrPhpptuQnZ2tpP7QDV79+7FsWPH0KRJE03XoGri4+ORn58vX3r873//i6SkJNxyyy0YOXKkrkZ19OjR6NChA7744gts2bIFsbGxuOaaa3DvvfeiS5cumu/06dMH//znP7FgwQLs2bMHVVVVaNeuHQYNGmT4DoG3HDx4UP4iLlB7KpGcnIyBAwfirrvuMvSBLk8Ir0x6JignTpzAiRMnANTWd8OGDdGuXTvZFEXLN7wn0tLSMG3aNLz//vvYsWMHTp48idTUVPz1r39FQkKC5ncZHn30UbRt2xZff/01tm7disTERFx77bW47777sGLFCrfpxcTEoGvXrvj22281tfNArdvZhx56CD///DMOHz6Mffv2oV69emjZsiXuueceDBgwIGCnWoTUJSyS+no6IYQQUgd56KGHcPr0aZ8vOfuDWbNm4ZNPPsGoUaMwZMiQUGcnIJSXl+P3v/89ampqMHv2bL+7F83OzkaLFi3w73//26/xEhKJUENPCCEkqhCmLDfeeKMht5/+5vz58/LlYK0PqdUVli1bhtLSUmRlZflNmN+8ebNsHkYIuQwFekIIIVGF8O+fkpISVIH+P//5D1atWoWdO3fi4sWLyMzMdGsKFYlcvHgRs2fPxvnz5/Hjjz+ifv36uPvuu/0W/5EjRzS/C0FItEOTG0IIISQIzJ8/HwsXLkRycjL69OmD3Nxcw24cI4VTp07h4YcfRmxsLFJTU/Hggw8G5OIyIcQZCvSEEEIIIYREMPRDTwghhBBCSARDgZ4QQgghhJAIhgI9IYQQQgghEQwFekIIIYQQQiIYCvSEEEIIIYREMBToCSGEEEIIiWAo0BNCCCGEEBLBUKAnhBBCCCEkgqFATwghhBBCSATz/wFc20TttTa97QAAAABJRU5ErkJggg==",https://th-thumbnailer.cdn-si-edu.com/zOUChg73J_B_m13CD1KHKrHUN4k=/800x600/filters:focal(396x217:397x218)/https://tf-cmsv2-smithsonianmag-media.s3.amazonaws.com/filer/70/6d/706d7622-bd1e-437a-851e-b5860d80e132/kepler-186f-art.jpg,,TIC 231663901,1.43,1326,https://embed.deepnote.com/50ad3984-69a9-496e-a121-efb59231e7e9/0e23e5e5e7d1486a9cdf09c91f818737/20aa9eee5b144a81bb93695ed96d62e1?height=573.1875,1,in progress,5824,0.8224618,1.05,12.4069
540,KOI-3456,,2023-04-30 12:59:37+00,,,1,,,,"",,1,1,,,incomplete,,,,
550,KOI-5737,,2023-04-30 12:59:44+00,,,1,,,,"",,1,1,,,incomplete,,,,
560,KOI-5806,,2023-04-30 12:59:57+00,,,1,,,,"",,1,1,,,incomplete,,,,
570,KOI-5499,,2023-04-30 13:00:03+00,,,1,,,,"",,1,1,,,incomplete,,,,
51,KOI-5737,cebdc7a2-d8af-45b3-b37f-80f328ff54d6,2023-04-27 06:55:19+00,,,311,,out0.png,https://wise2.ipac.caltech.edu/staff/jarrett/2mrs/2MRS.smooth-1.allsky.png,,KOI-5737,0,0,https://embed.deepnote.com/b4c251b4-c11a-481e-8206-c29934eb75da/b56a0704304940e49c38823795edaa20/ccf2424c886d481bb7846a6f41f5ddb8?height=597.953125,1,in progress,,,,
1,Example Planet,,2023-08-16 01:08:32.292727+00,[],,0,"'"0xCdc5929e1158F7f0B320e3B942528E6998D8b25c'"",https://img.freepik.com/premium-vector/mysterious-blue-space-planet-game-ui-cartoon-icon_8071-9275.jpg?w=2000,http://stellarium.org/img/slideshow/slide-1.jpg,,,0,12765,,,incomplete,,,,
61,TIC 274020586,,2023-08-02 03:56:28.348461+00,[],,2224,,https://www.digitaltrends.com/wp-content/uploads/2021/11/pr-planet-orbit-around-two-stars1.jpg?fit=720%2C720&p=1,https://www.digitaltrends.com/wp-content/uploads/2021/11/pr-planet-orbit-around-two-stars1.jpg?fit=720%2C720&p=1,,274020586,0,0.89,https://embed.deepnote.com/50ad3984-69a9-496e-a121-efb59231e7e9/0e23e5e5e7d1486a9cdf09c91f818737/224d66e274a14bf6a60e1bc92755ed5c?height=379.734375,2,incomplete,8377,21.58404,2.07,13.2543
24,Venus,cebdc7a2-d8af-45b3-b37f-80f328ff54d6,2023-03-16 06:42:37.971832+00,[],,895,"'"0xCdc5929e1158F7f0B320e3B942528E6998D8b25c'"",https://www.cfht.hawaii.edu/Science/Astros/Imageofweek/ciw-image/131299-1.gif,https://deepnote.com/api/project/b4c251b4-c11a-481e-8206-c29934eb75da/download-file?path=%2Fstatic%2Fout0.png&mtime=2023-03-17T15%3A08%3A25.000Z,original avatar: cebdc7a2-d8af-45b3-b37f-80f328ff54d6.png,TIC 53782,0,0,,,incomplete,6965,4.24766159,1.53,12.0315
48,KIC 10593626,,2023-04-25 23:59:46.36274+00,[],,294,,out0.png,https://qwbufbmxkjfaikoloudl.supabase.co/storage/v1/object/public/planets/48/download.png,,KIC 10593626,0,0,https://embed.deepnote.com/b4c251b4-c11a-481e-8206-c29934eb75da/b56a0704304940e49c38823795edaa20/cc9cea7e9e1448ad984db621ea412472?height=1245.5625,3,incomplete,,,,17.303
44,WASP-12b,,2023-04-21 04:21:57.586533+00,[],,2800,,planet44.jpeg,https://www.esa.int/var/esa/storage/images/esa_multimedia/images/2003/06/planet_transit/9798645-3-eng-GB/Planet_transit_pillars.jpg,,4567836637,0,0,TIC 86396382,,incomplete,6154,3.954701,1.17,11.0967
49,Kepler-186,b25a1e47-3180-4afd-9366-e700031199fa,2023-04-26 00:10:48.376725+00,[],,312,,out0.png,https://qwbufbmxkjfaikoloudl.supabase.co/storage/v1/object/public/planets/49/download.png,,klpr008120608,0,0,https://embed.deepnote.com/b4c251b4-c11a-481e-8206-c29934eb75da/b56a0704304940e49c38823795edaa20/9d854cd350a640f38165bd99026b90b8?height=641,2,in progress,-0.26,0.257483125,0.81,15.7043
63,TIC 270619211,,2023-09-13 07:21:21.878214+00,[],,480,,https://github.com/Signal-K/client/blob/04684e806325fd2c007c97f19cf32276e91b773f/public/assets/Inventory/Planets/Planet63.png?raw=true,https://github.com/Signal-K/client/blob/04684e806325fd2c007c97f19cf32276e91b773f/public/assets/Inventory/Planets/Planet63.png?raw=true,,TIC 270619211,77.43,10.1,https://embed.deepnote.com/50ad3984-69a9-496e-a121-efb59231e7e9/0e23e5e5e7d1486a9cdf09c91f818737/bd7f824abfb149bc9ff8c4b8878a5671?height=395.265625,3,in progress,6718,4.450318,1.43,9.7548
58,TIC 424965156,,2023-07-25 23:20:43.244244+00,[],,200,,out0.png,https://qwbufbmxkjfaikoloudl.supabase.co/storage/v1/object/public/planets/58/download.png,0xdf35Bb26d9AAD05EeC5183c6288f13c0136A7b43 | Old cover https://static.wikia.nocookie.net/spaceengineobjects/images/a/af/Image-1.jpg/revision/latest?cb=20140825175529,TIC 424865156,2.20474,0,https://embed.deepnote.com/50ad3984-69a9-496e-a121-efb59231e7e9/0e23e5e5e7d1486a9cdf09c91f818737/862d756101614310a10ac2e878737749?height=634.1875,1,incomplete,6532.23,6.5192523,1.347,10.0274
64,WASP-46b,,2023-09-27 03:53:19.525203+00,[],,,,https://qwbufbmxkjfaikoloudl.supabase.co/storage/v1/object/public/planets/64/Planet64.png,https://qwbufbmxkjfaikoloudl.supabase.co/storage/v1/object/public/planets/64/Planet64.png,https://github.com/Signal-K/sytizen/commit/9c3811875039f1710eece424db7c0c847c0902df,TIC 231663901,0,120000,https://embed.deepnote.com/50ad3984-69a9-496e-a121-efb59231e7e9/0e23e5e5e7d1486a9cdf09c91f818737/b117a9deab4444ad9d91d3382dce380b?height=134,1,in progress,5824,0.8224618,1.05,12.4069
69,Kepler-22,,2023-11-29 11:45:53.778478+00,[],,,,https://qwbufbmxkjfaikoloudl.supabase.co/storage/v1/object/public/planets/69/Kepler-22.png,https://qwbufbmxkjfaikoloudl.supabase.co/storage/v1/object/public/planets/69/Kepler-22.png,,Kepler-22,0,0,,,incomplete,-0.27,0.6453028,0.989,
65,TIC 97409519,,2023-09-28 13:16:09.947836+00,[],,,,https://qwbufbmxkjfaikoloudl.supabase.co/storage/v1/object/public/planets/65/65Cover.png,https://qwbufbmxkjfaikoloudl.supabase.co/storage/v1/object/public/planets/65/65Cover.png,,97409519,0,0,https://embed.deepnote.com/50ad3984-69a9-496e-a121-efb59231e7e9/0e23e5e5e7d1486a9cdf09c91f818737/aa020c4c08a2406692cbf0e7cabff8d6?height=83,1,incomplete,6147,1.44490588,1.17,12.1893
70,Kepler-442,,2023-11-29 11:47:23.570051+00,[],,,,https://qwbufbmxkjfaikoloudl.supabase.co/storage/v1/object/public/planets/70/Kepler-69.png,https://qwbufbmxkjfaikoloudl.supabase.co/storage/v1/object/public/planets/70/Kepler-69.png,,,0,0,,,incomplete,-0.38,0.1494,0.72,
66,TIC 200593988,,2023-10-01 07:04:06.320239+00,[],,456,,https://qwbufbmxkjfaikoloudl.supabase.co/storage/v1/object/public/planets/66/66Cover.png,https://qwbufbmxkjfaikoloudl.supabase.co/storage/v1/object/public/planets/66/66Cover.png,,200593988,8,12,https://embed.deepnote.com/50ad3984-69a9-496e-a121-efb59231e7e9/0e23e5e5e7d1486a9cdf09c91f818737/c7048a5b7da742b081d23933f6825d01?height=83,3,incomplete,3601,0.0329893269,0.46152,12.3069
71,TOI-700,,2023-11-29 11:49:51.447245+00,[],,,,https://qwbufbmxkjfaikoloudl.supabase.co/storage/v1/object/public/planets/69/Kepler22.png,https://qwbufbmxkjfaikoloudl.supabase.co/storage/v1/object/public/planets/69/Kepler22.png,,,0,0,,,incomplete,-0.76,0.0236,0.413,
68,Kepler-69,,2023-11-25 14:40:45.432245+00,[],,,,https://qwbufbmxkjfaikoloudl.supabase.co/storage/v1/object/public/planets/68/Kepler69.png,https://qwbufbmxkjfaikoloudl.supabase.co/storage/v1/object/public/planets/68/Kepler69.png,,Kepler-69,0,0,https://embed.deepnote.com/50ad3984-69a9-496e-a121-efb59231e7e9/444f50e799124ee0ba9b190392d8450b/b9528f8a98e34452a329b56dfc8bc9a4?height=173,1,in progress,-0.191893,1.556918,1.03,12
